1,2,130801,団長さんへ<br>このチョコレートは、私の心からの気持ちだ。<br>こういう形でないとうまく伝えられないが……いつも感謝している。<br>ええい、気恥ずかしいな！　さっさと食べてしまえ！<br>まずいとか言ったら許さないからな！<br>マーガレット<br>,5,background/valentinecard_2.png,accent/valentineaccent_1.png,0,0,,0,
2,2,121303,%user%団長さんへ<br>こんな私ですけど、精一杯がんばって作ってみました。<br>あの……まずかったら、言ってくださいね？<br>自信なくて、もしかしたらお腹に違和感を覚えるかもしれませんが……。<br>おいしいって言ってくれたら、嬉しいです。<br>アカバナスイレン<br>,5,background/valentinecard_3.png,accent/valentineaccent_3.png,0,0,,0,
3,2,142401,%user%団長殿へ<br>あまり和を乱すのは良くないと思うのですが、<br>ウチの気持ちを込めて贈ります。<br>日頃の感謝と、あと、団長殿をたくさん想う気持ちが入ってます。<br>お口に合うかわかりませんが……食べてくれると嬉しいな。<br>キンモクセイ<br>,2,background/valentinecard_6.png,accent/valentineaccent_1.png,0,0,,0,
4,2,150801,団長さんへ<br>どうぞ、バレンタインのチョコレートです！<br>ボクが団長さんを大好きだって気持ち、いっぱい詰め込んだです！<br>団長さんが笑顔になってくれたら、ボクもとっても嬉しいです！<br>おなかいっぱい、召し上がってくださいです！<br>タンポポ<br>,2,background/valentinecard_3.png,accent/valentineaccent_2.png,0,0,,0,
5,2,141101,%user%団長さんへ<br>お口に合わないかもしれませんが、バレンタインチョコレートです。<br>いつも私を守ってくれる優しい団長さんに、<br>私ができる精一杯のお返しです。<br>私の気持ちを込めました。食べてもらえますか？<br>ミント<br>,2,background/valentinecard_2.png,accent/valentineaccent_1.png,0,0,,0,
6,2,120401,マスター・%user%へ<br>今日は殿方にチョコレートを贈る日だと聞きました。<br>義理と呼ばれるものと、本命と呼ばれるもので、<br>贈る意味合いが異なってくる、ということも学びました。<br>マスターに贈るのはもちろん……ふふ、言わなくてもわかりますよね。<br>グラジオラス<br>,5,background/valentinecard_6.png,accent/valentineaccent_1.png,0,0,,0,
7,2,120201,団長さん<br>ハッピーバレンタイーン♪　お待ちかねのチョコレートよー♪<br>大丈夫、安心して！　愛情以外は入ってないから。<br>お返しのことは、そんなに気にしなくていいわよ？<br>団長さんの愛情を独り占めできれば、私はそれで十分だから♪<br>ところでチョコバナナってどう思う？　クレナイより<br>,2,background/valentinecard_4.png,accent/valentineaccent_4.png,0,0,,0,
8,2,141301,%user%団長さんへ<br>どうぞ、チョコレートです。がんばって作ってみました。<br>うふふ、こういうのは若い子には負けませんよ。<br>ちょっと熱が入りすぎて、量が多くなってしまいましたが……。<br>きっと美味しいと思いますから、どうぞ召し上がれ。<br>ブルーロータス<br>,2,background/valentinecard_6.png,accent/valentineaccent_2.png,0,0,,0,
9,2,142201,%user%団長さんへ<br>どうぞ、チョコレートです。団長さんのためだけに私が作ったものです。<br>いっぱい身体を動かして作ったんですから、<br>受け取ってくれないと許しませんよ？<br>……嬉しい、と。ほんの少しでも思ってくれるなら、それでいいです。<br>シロツメクサより<br>,5,background/valentinecard_5.png,accent/valentineaccent_1.png,0,0,,0,
10,2,132801,ご主人様<br>どうか、このチョコレートを受け取ってください。<br>メイドのわたくしが、主人に対してこのような真似、<br>差し出がましいとは思うのですが……今日だけはお許しください。<br>丹精込めて作り上げましたので、喜んでいただけると嬉しいです。<br>コチョウラン<br>,2,background/valentinecard_2.png,accent/valentineaccent_4.png,0,0,,0,
11,2,130501,%user%団長さん<br>バレンタインのチョコレート、どうぞです～。<br>いっぱい、い～っぱい美味しくなるように、<br>気持ちをた～っくさん込めてみました～♪<br>愛情たっぷりですから、ぜひ召し上がってくださいね～。<br>セントポーリア<br>,2,background/valentinecard_3.png,accent/valentineaccent_1.png,0,0,,0,
12,2,152001,ご主人様へ<br>その、これ……チョコレート。<br>ごめんなさい。命令もされてないのに、作っちゃった。<br>でも、どうしてもご主人様にあげたいと思って……。<br>自分に自分で命令して、作ってみた。迷惑じゃなければいいんだけど。<br>スノーフレーク<br>,5,background/valentinecard_6.png,accent/valentineaccent_3.png,0,0,,0,
13,2,112601,%user%団長へ<br>バレンタインといえば……そう、カレーだね！<br>さぁさぁ団長、究極カレーを召し上がれ♪<br>……なーんて、実はこれ、カレーに見せかけたチョコクリームなの。<br>作るの大変だったから、美味しいって言ってほしいな！<br>アルストロメリア<br>,2,background/valentinecard_3.png,accent/valentineaccent_4.png,0,0,,0,
14,2,120203,団長へ<br>似合わないかもしれないけど……これ、チョコレート。<br>こんな機会でもないとなかなか言いにくいから、言うけどさ。<br>……あたしのこと、いつも見守ってくれて、ありがと。<br>本当に感謝してる。だから、食べてくれると嬉しい……かな。<br>アジサイ<br>,5,background/valentinecard_3.png,accent/valentineaccent_2.png,0,0,,0,
15,2,132401,団長へ<br>バレンタインのチョコレートアルよ！<br>団長のために、ワタシとってもがんばったアル！<br>いーっぱい食べて、また元気な笑顔を見せて欲しいネ！<br>いつもニコニコの団長さんが、ワタシ大好きアルヨ！<br>レンゲソウ<br>,2,background/valentinecard_3.png,accent/valentineaccent_5.png,0,0,,0,
16,2,152801,%user%団長さんへ<br>私達を引き合わせてくれた幸運に感謝しつつ、<br>このバレンタインチョコを贈ります。<br>二人の出会いが、永遠の愛へと続きますように……。<br>これからも末永くよろしくお願いしますね、団長さん。<br>ギンラン<br>,2,background/valentinecard_2.png,accent/valentineaccent_1.png,0,0,,0,
17,2,130301,%user%へ<br>えっと……このチョコ、もらってくれない？<br>贈り物じゃなくて、処分っていうか……つ、作りすぎて余ったのよ！<br>この包装紙も、リボンも、カードも、全部余り物で作っただけ！<br>……本当は一個分しか作ってないけど、余り物は余り物だから！<br>アブラナより<br>,5,background/valentinecard_7.png,accent/valentineaccent_4.png,0,0,,0,
18,2,132001,%user%団長さん<br>はいどうぞ、チョコレートです！<br>貴族ですから、こういうことはしっかりしないといけませんからね。<br>私くらいになると、色んな人にあげないといけませんから大変で大変で！<br>……すいません、嘘です。団長さんしかあげる人いません……。<br>アマリリス<br>,2,background/valentinecard_2.png,accent/valentineaccent_1.png,0,0,,0,
19,2,142501,%user%団長様へ<br>とっても甘いチョコレートをどうぞ。<br>少しだけお酒が入ってますが、酔うほどではありませんのでご安心を。<br>だって、団長様が酔うのはこれからですものね。<br>このあと一緒に、朝までゆっくりと……なぁんて、うふふ。<br>ジャスミン<br>,2,background/valentinecard_2.png,accent/valentineaccent_3.png,0,0,,0,
20,2,120801,%user%団長さんへ<br>はーいっ、どうぞ団長さん！　バレンタインのチョコレートです！<br>あ、こっちは私の分です。一緒に食べようと思って！<br>大好きな団長さんと、美味しいものを食べられる毎日……。<br>そんな毎日をくれて、ありがとうございます！　大好きです！<br>ヒマワリより<br>,2,background/valentinecard_3.png,accent/valentineaccent_2.png,0,0,,0,
21,2,111501,団長さんへ<br>日頃の感謝を込めて、バレンタインチョコを贈ります。<br>いつも妹たちを可愛がってくれて、ありがとうございます。<br>それと、私自身もたくさん甘えさせてもらって……。<br>これからもよろしくお願いしますね、団長さん。大好きですよ。<br>ホワイトパンジー<br>,2,background/valentinecard_5.png,accent/valentineaccent_4.png,0,0,,0,
22,2,111903,%user%団長さんへ<br>今日はバレンタインという事で、チョコレートをお渡しします。<br>……私だって、この日にチョコを渡す意味くらい知っていますとも。<br>いつもありがとうございます。お慕いしてます、団長さん。<br>このチョコと共に、私の気持ちも受け取ってもらえませんか？<br>ロイヤルプリンセス<br>,5,background/valentinecard_2.png,accent/valentineaccent_6.png,0,0,,0,
23,2,122701,団長へ<br>これをやろう。チョコレートだ。<br>決して、褒美や施しなどではないぞ？<br>貴公を一人前の男と認め、愛情を捧げるためのものだ。<br>バレンタインとは、そういう儀式なのだろう？<br>カサブランカ<br>,2,background/valentinecard_6.png,accent/valentineaccent_1.png,0,0,,0,
24,2,132501,%user%殿へ<br>今日は女性が男性にチョコレートを贈る日だと聞く。<br>何度でも言うが、私は女である前に騎士だ……が、<br>愛情だけではなく、日頃の感謝や友情の証として贈っても良いそうだ。<br>あ、愛情も……その、少しな、少しだけ入っているぞ！<br>ハクモクレン<br>,5,background/valentinecard_8.png,accent/valentineaccent_1.png,0,0,,0,
25,2,111101,団長さんへ<br>遅くなってごめんな、団長さん！　チョコのお届けだ！<br>本当はチェリーセージの部隊に頼もうと思ったんだけど、<br>やっぱりこういう日は、そういうのじゃないからな！<br>ちょっと遅くなっても、あたしの想いは変わらず熱々だ！<br>サルビア<br>,2,background/valentinecard_3.png,accent/valentineaccent_2.png,0,0,,0,
26,2,152701,%user%団長へ！<br>はーいっ、チョコレートどーぞーっ！<br>どう、目立つでしょ？　一番大きくて派手なやつにしたんだよ！<br>あたしの愛情も一番目立つように、ほら、ハート型！<br>へへっ、いつもありがとね、団長！<br>ヘリコニア<br>,2,background/valentinecard_4.png,accent/valentineaccent_4.png,0,0,,0,
27,2,131909,%user%団長さんへ<br>ハッピーバレンタインですっ！<br>いつも自由気ままなあたしを見てくれて、ありがとうございます！<br>でも、このチョコだけは真面目に作ったんですよ？<br>大好きな団長さんのために頑張りました！　食べてくださいね！<br>ユキヤナギ<br>,2,background/valentinecard_3.png,accent/valentineaccent_3.png,0,0,,0,
28,2,152707,団長さんへ<br>いつも色々と手伝ってくれてありがとう。これはお礼の印。<br>大丈夫よ、今回は何も入れてないから。実験とかでもないし。<br>あぁ、でも……純粋な気持ちと味だけで、<br>団長さんからどんな感想をもらえるのかは、気になっちゃうかしら？<br>イエローチューリップ<br>,2,background/valentinecard_2.png,accent/valentineaccent_1.png,0,0,,0,
29,2,152401,%user%団長さんへ<br>どうぞ、受け取ってください。チョコレートです。<br>いつも秘密を守ってくれる団長さんに、あたしからのお礼です。<br>それから……なんだか照れくさいので、言葉はチョコに詰めました。<br>えぇ、あたしはこれでも面倒くさがりですから。ふふっ。<br>スイートピーより<br>,5,background/valentinecard_2.png,accent/valentineaccent_4.png,0,0,,0,
30,2,121601,団長へ<br>はいどうぞ、チョコレート。手作りじゃないけど、手抜きでもないわ。<br>都会で人気のお店、買ってくるのに丸一日費やしたんだからね。<br>手作りの方が早いって？　……バカ。だからこそじゃないの。<br>でも、そんな鈍い団長も好きよ。<br>イブキトラノオ<br>,5,background/valentinecard_2.png,accent/valentineaccent_5.png,0,0,,0,
31,2,131901,%user%団長さんへ<br>わたしの気持ちがたっぷり入った、苺のチョコレート！<br>もう食べてくれましたかぁ～？<br>甘いだけじゃなくて、ちょっぴり酸っぱいのがポイントなんですよ♪<br>大好きな団長さんに、じっくり味わってもらえると嬉しいですぅ～♪<br>イチゴ<br>,2,background/valentinecard_4.png,accent/valentineaccent_4.png,0,0,,0,
32,2,151801,%user%団長さんへ<br>感謝の気持ちを込めて、チョコレートを作りました。<br>正確には、感謝の気持ちだけではなく、<br>色々と込めているのですが……それはまだ、秘密です。<br>どうしてもとおっしゃるなら、あとでこっそりお教えしますね。<br>カーネーションより<br>,2,background/valentinecard_8.png,accent/valentineaccent_1.png,0,0,,0,
33,2,122301,%user%団長さんへ<br>いつもお世話になっている団長さんに、チョコを作りました。<br>団長さんのおかげで、今の私があると思ってます。<br>これからも、私のおそばにいてくださいね。<br>私も、団長さんのおそばで戦い続けますから。<br>ヒルガオより<br>,2,background/valentinecard_5.png,accent/valentineaccent_2.png,0,0,,0,
34,2,141901,ボクちゃん、ハッピーバレンタイン～♪<br>今日もいい子にしてたかしらぁ？<br>なんてね、ふふ。ボクちゃんは、いつもいい子だものね。<br>そんなボクちゃんには、世界で一つだけのプレゼント。<br>私のあまぁ～いチョコレート、召し上がれ♪<br>センニチコウ<br>,2,background/valentinecard_2.png,accent/valentineaccent_4.png,0,0,,0,
35,2,111505,%user%団長さんへ<br>どもです。チョコの妖精パープルパンジーです。<br>アホの姉からこのチョコを死守するのが大変でした。<br>一年に一度の甘い私を受け取ってください。<br>返品は不可なので、そこんとこよろしくです。<br>パープルパンジーより<br>,5,background/valentinecard_5.png,accent/valentineaccent_4.png,0,0,,0,
36,2,140901,%user%団長さんへ<br>団長さんのために、がんばって作りました。<br>い、いつもより美味しく作れたと思います！<br>それから……だ、大好きって想いもたっぷり入ってますからね？<br>ちょっと恥ずかしいけど、これが私の気持ちです。<br>シクラメン<br>,5,background/valentinecard_3.png,accent/valentineaccent_4.png,0,0,,0,
37,2,150803,団長さんへ<br>お仕事お疲れ様です。私から手作りチョコのプレゼントです。<br>少し気合いが入りすぎたような気もしますが、<br>私の本気を味わってほしかったので。<br>ふふ……いい大人が、何を言ってるんでしょうね。<br>ヤグルマギク<br>,2,background/valentinecard_8.png,accent/valentineaccent_3.png,0,0,,0,
38,2,152709,%user%様へ<br>私のチョコはいかがでしたか？　<br>自信はありますよ。あなた様の好みは熟知していますから。<br>それにしても、ああいった味が好みとは……ふふ、冗談ですよ。<br>物足りなければ、いつでもおっしゃってくださいね。<br>パープルチューリップより<br>,2,background/valentinecard_6.png,accent/valentineaccent_1.png,0,0,,0,
39,2,141701,%user%ご主人へ<br>モコウの手作りチョコは、もう完食済み？<br>ご主人、モコウのだけ先に食べてくれたです……？<br>断じて、モコウのチョコは、本気の本命？<br>モコウの甘いとこ……もっと深く知りたい、です？<br>ワレモコウ<br>,2,background/valentinecard_6.png,accent/valentineaccent_6.png,0,0,,0,
40,2,111503,団長へ<br>団長のことだから、きっとたくさんチョコをもらったに違いない！<br>でも、あたしのチョコが一番だって言わせたいから、<br>今年はいつもより気合い入れて作ってみた！<br>姉にも妹にも負けてないはずだぞ！　特に気持ちは！<br>イエローパンジー<br>,5,background/valentinecard_3.png,accent/valentineaccent_5.png,0,0,,0,
41,2,141303,団長くんへ<br>ウッヒィーッ！　ボクからのバレンタインチョコだよっ！<br>団長くんは甘いのも苦いのも好きそうだから、二つ用意したんだ♪<br>二ついっぺんに食べるのも面白いけど、<br>できればそれぞれ、ゆっくり味わって食べて欲しいな～！<br>サザンカ<br>,2,background/valentinecard_3.png,accent/valentineaccent_3.png,0,0,,0,
42,2,140803,団長へ<br>わたくしが本気で作ったチョコレートなのだから、<br>もちろん喜んで受け取るわよね？　食べるわよね？<br>手作りなんてしたから、手がチョコまみれになってしまったのよ。<br>この責任はきちんと取ること。いいわね？　ふふっ。<br>マリーゴールド<br>,5,background/valentinecard_5.png,accent/valentineaccent_1.png,0,0,,0,
43,2,120101,団長へ<br>団長のためにすっごく美味しいチョコを作ったよ！<br>かなりの自信作で、レッドジンジャーも褒めてくれたんだ～♪<br>団長が美味しいって言ってくれたら、毎日だって作ってあげるからね！<br>もっといろいろ作れるようになりたいな～！<br>ハイビスカス<br>,2,background/valentinecard_2.png,accent/valentineaccent_2.png,0,0,,0,
44,2,120701,団長さんへ<br>神様へのお祈りをしながら、長い時間をかけてこのチョコを作ったの。<br>何をお祈りしたのかは秘密。チョコを食べたらわかるかも？<br>団長さんのためにこの身を捧げても、きっと神様は怒らないわ。<br>私の祈りが届きますように。<br>キキョウ<br>,2,background/valentinecard_2.png,accent/valentineaccent_1.png,0,0,,0,
45,2,122305,%user%お兄ちゃんへ<br>わたしの愛情がたっぷり入ったチョコレートだよ♪<br>たまには苦いのも悪くないけど、やっぱり甘いのが一番だよね！<br>わたしはもちろん甘いのが好き。<br>だから、これからもわたしのこと、たくさん甘やかしていいんだよ？<br>アサガオ<br>,2,background/valentinecard_4.png,accent/valentineaccent_4.png,0,0,,0,
46,2,111905,団長さんへ<br>今日はバレンタインデーですね。<br>真心を込めてチョコを作りましたので、受け取ってください。<br>でも、他の人にはあまり言わないでくださいね？<br>わたくしからのチョコを受け取れる殿方は、団長さんだけなのですから。<br>ノヴァーリス<br>,2,background/valentinecard_2.png,accent/valentineaccent_1.png,0,0,,0,
47,2,152711,%user%団長さんへ<br>心も体も元気になる特製チョコレートを作りました。<br>姉たちに見つからないように、じっくりと時間をかけて作ったんですよ。<br>大好きな人に贈る、特別なチョコレート……。<br>じっくり味わって食べてくださいね。<br>ホワイトチューリップより<br>,2,background/valentinecard_2.png,accent/valentineaccent_2.png,0,0,,0,
48,2,132101,団長さんへ<br>ふわぁ……団長さんのために、チョコ、早起きして作ったよ。<br>ちゃんと味見したからきっとおいしいはず……。<br>えへへ、好きな人の喜ぶ顔を見るためなら、<br>眠気だってへっちゃら、なのぉ……。<br>ヒノキ<br>,5,background/valentinecard_5.png,accent/valentineaccent_4.png,0,0,,0,
49,2,112801,%user%団長へ<br>団長！　あたしの特大チョコはもう食べてくれた～？<br>一回じゃ食べきれないくらいに大きいチョコだけど、<br>ちゃんと食べてくれなきゃ怒っちゃうからね？<br>にひひっ、どうしても無理だったら、あたしが手伝ってあげるから♪<br>オンシジューム<br>,2,background/valentinecard_3.png,accent/valentineaccent_3.png,0,0,,0,
50,2,122705,%user%団長さんへ<br>あの、これ……バレンタインのチョコ、美味しくできたと思います。<br>団長さんがいつも応援してくれるおかげで、<br>自分に自信が持てるようになりました。<br>私の感謝の気持ちと、愛情を、受け取ってください。<br>オトメユリ<br>,2,background/valentinecard_5.png,accent/valentineaccent_1.png,0,0,,0,
51,2,131401,最愛の%user%団長さんへ<br>団長さんたら、お口の周りが汚れていますよ？<br>ふふ、私のチョコを食べるためにお腹を空かせてくれていたんですね。<br>ありがとうございます。おかわりもたくさん用意してますから、<br>朝までたっぷり、甘い一時を過ごしましょうね……♪<br>スズラン<br>,2,background/valentinecard_2.png,accent/valentineaccent_5.png,0,0,,0,
52,2,131501,%user%団長へ<br>団長、特製のチョコはもう食べてくれた？<br>あ、もしかして……あれ、失敗作だって思ってる？<br>別に焦げてたりするわけじゃないんだよ！<br>自信作のブラックチョコだから、ちゃんと食べてくれると嬉しいな♪<br>スミレ<br>,2,background/valentinecard_3.png,accent/valentineaccent_1.png,0,0,,0,
53,2,140801,%user%団長さんへ<br>私と団長さんを象った可愛いチョコを作りましたよ。<br>これ、食べるのがもったいないですよね。<br>もう一人ぶん作って私たちのあいだに並べたら……。<br>妄想が止まらなくなるので、一思いに食べちゃってください！<br>コスモス<br>,2,background/valentinecard_7.png,accent/valentineaccent_4.png,0,0,,0,
54,2,142503,%user%団長様へ<br>あの……もう既にたくさんの方からもらってるかもしれませんが……<br>これ、わたしが作ったチョコレートです。<br>食べやすいように、一口サイズのトリュフにしました。<br>お仕事、がんばってくださいね。<br>ホトトギス<br>,5,background/valentinecard_5.png,accent/valentineaccent_3.png,0,0,,0,
55,2,152705,団長さんへ<br>ハッピーバレンタイン。私の手作りチョコは食べてくれた？<br>おっと！　味についての苦情は受け付けないわよ。<br>甘いのも苦いのも、どっちもチョコの魅力でしょう？<br>物足りなかったら、いつでも私のところに来ていいからね♪<br>レッドチューリップ<br>,2,background/valentinecard_2.png,accent/valentineaccent_6.png,0,0,,0,
56,2,111901,オマエへ<br>おう！　どうだ？　アタシの必殺チョコレートは？<br>脳がとろっとろになっちまいそうだろ？<br>わかってると思うが、「意外」だなんて言葉は禁止だからな？<br>オマエなら、意外じゃねーことぐらい知ってるだろ？<br>ブラックバッカラ<br>,2,background/valentinecard_6.png,accent/valentineaccent_1.png,0,0,,0,
57,2,121201,団長へ<br>どんなチョコを作ればキミが喜んでくれるのかずっと考えてた。<br>キミならどんなものでもいいって言ってくれるのは、知ってる。<br>でも、せっかくだからとびきりのを作りたかったから。<br>味の感想は直接きかせてほしい。<br>レッドジンジャー<br>,2,background/valentinecard_8.png,,0,0,,0,
58,2,131001,%user%団長さんへ<br>このチョコ……見た目は綺麗にできた……。<br>団長さんの好みも、知ってるけど……自信はそんなにない、です。<br>だって団長さん、いつも、なんでもおいしそうに食べてくれる……から。<br>今回も、おいしく食べて？<br>サボテン<br>,2,background/valentinecard_8.png,accent/valentineaccent_6.png,0,0,,0,
59,2,131903,団長さんへ<br>チョコレートを受け取ってほしい。<br>日頃の感謝の印……というのは建前でそれ以上の感情も含んでいる。<br>甘さは控えめにしたつもりなのだが……、<br>ふふっ……気持ちは控えめにできなかったのかもしれないな。<br>ウメ<br>,2,background/valentinecard_2.png,accent/valentineaccent_1.png,0,0,,0,
60,2,131907,%user%団長さんへ<br>日頃の感謝の気持ちを込めて、チョコレートを作りました。<br>うふふ、もちろん感謝だけじゃないですよ～？<br>お料理は好きですけど、このチョコの味は団長さんだけのものです。<br>今の、二人だけのヒ・ミ・ツ♪　ですからね～。<br>サクラ<br>,2,background/valentinecard_2.png,accent/valentineaccent_3.png,0,0,,0,
61,2,141103,%user%団長さんへ<br>私の色々な感情が詰まった手作りチョコはもう食べてくれましたか？<br>団長さんのことですから、きっともう食べ終わってますよね？<br>おかわりを持って、あとで団長さんの部屋に行きますから<br>待っていてくださいね。団長さん、ずーっと愛してます。<br>ラベンダーより<br>,2,background/valentinecard_5.png,accent/valentineaccent_1.png,0,0,,0,
62,2,150601,%user%様<br>今日という日が二人の大切な思い出になるように。<br>そんな願いを込めてこのチョコレートを作ったわ。<br>来年も、再来年も、何十年後になっても、一緒にいたい。<br>これからもずっと、たくさんの思い出を残していきましょう。<br>エーデルワイス<br>,2,background/valentinecard_2.png,accent/valentineaccent_1.png,0,0,,0,
63,2,112807,団長へ<br>私の手作りチョコが貰えるなんて、あなたは幸せ者ね。<br>しかも誰の手も借りずに一人で作ったんだから。魔法も使ってないわ。<br>こんなことが出来るようになったのも……あなたのおかげよ。<br>感謝……してないこともないわ。<br>カトレア<br>,2,background/valentinecard_2.png,accent/valentineaccent_2.png,0,0,,0,
64,2,111701,%user%団長<br>あなたはきっともう、たくさん貰っているのでしょうね。<br>その中に、私からのチョコレートも加えてもらってもいいですか？<br>こんな日ですから、私らしくない、というのはナシです。<br>これからもよろしくお願いします。できるなら、また来年も……。<br>ツバキ<br>,2,background/valentinecard_6.png,accent/valentineaccent_3.png,0,0,,0,
65,2,152501,団長さんへ<br>ハッピーバレンタインです、団長さん！<br>私からは、チョコパフェ風のチョコレートをプレゼントします。<br>簡単には溶けないので、味わって食べてくださいね？<br>大好きですよ、団長さん！<br>ライラック<br>,2,background/valentinecard_5.png,accent/valentineaccent_1.png,0,0,,0,
66,2,122703,%user%団長へ<br>団長！　チョコレートはどれくらい食べられる？<br>カサブランカ様ほどではないが、私もたくさん用意した。<br>量が多いなどという軟弱な答えは求めていないぞ。<br>味にも自信があるのだ。さあ、好きなだけ受け取ってくれ！<br>ヤマユリ<br>,2,background/valentinecard_3.png,accent/valentineaccent_6.png,0,0,,0,
67,2,112805,団長さんへ<br>ハッピーバレンタイン。団長さん。<br>ウィンターローズをイメージした、ホワイトチョコレートです。<br>久しぶりに一日キッチンで格闘してしまいました。<br>どうぞ、私の本気のチョコレートを、受け取ってください。<br>デンドロビウム<br>,2,background/valentinecard_2.png,accent/valentineaccent_1.png,0,0,,0,
68,2,112803,%user%団長さんへ<br>今年はちょっと手の込んだチョコを作ってみました。<br>オンシジュームちゃんやカトレアさんにも作りましたけど……<br>団長さんのは特別です。<br>これからも団長さんのお力になれるよう、精一杯がんばります。<br>シンビジューム<br>,2,background/valentinecard_6.png,accent/valentineaccent_1.png,0,0,,0,
69,2,122303,団長さんへ<br>今日はバレンタインデーだから、チョコを作ってきたの。<br>いつもお世話になってるし、これからもよろしくって意味で。<br>お兄さんは特別だっていう気持ち、伝えたいから。<br>いつも優しいお兄さんが好きよ。<br>ヨルガオより<br>,2,background/valentinecard_5.png,accent/valentineaccent_1.png,0,0,,0,
70,2,132901,%user%へ<br>今日はバレンタインデー。<br>貴方のために作ってみたんだけど、思ったより甘くなっちゃったかも。<br>でも、貴方なら食べてくれるって信じてる。感想は正直に教えてね？<br>……いつもありがとう。貴方と過ごせて、嬉しい。<br>アネモネ<br>,2,background/valentinecard_2.png,accent/valentineaccent_1.png,0,0,,0,
71,2,140807,%user%団長へ<br>ハッピーバレンタイン♪　団長のためにバレンタインチョコを作ったの。<br>いくらチョコレートだからって、私を食べるのは反則だよ？<br>私の匂いがするかもしれないけど、ううん。<br>わ、私の匂いがするから、……最後まで残さず食べてね？<br>チョコレートコスモス<br>,2,background/valentinecard_2.png,accent/valentineaccent_4.png,0,0,,0,
72,2,131905,団長さんへ<br>より美味しいチョコを作るために、研究に研究を重ねたわ。<br>甘みと、うまみと、苦みが融合した完璧なチョコよ。<br>団長さんのためなら、私はどんな努力も惜しまない。<br>これからもよろしくね。団長さん。<br>バラ<br>,2,background/valentinecard_2.png,accent/valentineaccent_2.png,0,0,,0,
73,2,123101,%user%団長殿へ<br>喜んで頂けるよう、真心を込めてチョコレートを作りました。<br>なかなかよい出来だと自負しています。<br>お忙しいとは思いますが、ぜひ召し上がってください。<br>日頃の感謝と、団長殿への特別な想いを込めて。<br>タチバナ<br>,2,background/valentinecard_5.png,accent/valentineaccent_4.png,0,0,,0,
74,2,152703,%user%へ<br>バレンタインデーということで、お前にチョコを作った。<br>見た目は普通だが、味は普通じゃないかもしれないな。<br>そのへんはお前が確かめてくれ。<br>安心しろ。私でも、甘い物は作れる。<br>クロユリ<br>,0,background/valentinecard_8.png,,0,0,,0,
75,2,140805,%user%団長くんへ♪<br>いつもがんばってる団長くんに、チョコのプレゼントだよぉ。<br>団長くんがモテモテなのは知ってるけど、<br>私だって団長くんのためにがんばってるんだから。<br>大好きな団長くんと、これからもずーっと一緒にいたいなぁ。<br>ガーベラ<br>,2,background/valentinecard_2.png,accent/valentineaccent_1.png,0,0,,0,
76,2,121301,大恩あるご主人様へ<br>ハッピーバレンタインです。ご主人様。<br>私の愛が詰まったチョコレートを、どうぞお受け取りください。<br>もちろん、今日はずっとおそばでご奉仕させて頂きますよ。<br>甘いのも、苦いのも、何なりとお申し付けくださいませ。んふ♪<br>スイレン<br>,2,background/valentinecard_2.png,accent/valentineaccent_1.png,0,0,,0,
77,2,122707,%user%団長様へ<br>私の……いえ、僕の作ったチョコレートはもう召し上がったでしょうか。<br>いつもより時間をかけて作ったので、妙に力が入ってしまいます。<br>もしも団長様の笑顔が見られたのなら、それだけで僕は幸せです。<br>団長様、どうかいつまでもお傍にいさせてください。<br>ヒメユリ<br>,2,background/valentinecard_5.png,accent/valentineaccent_1.png,0,0,,0,
78,2,131913,%user%団長さまへ<br>バレンタインは愛し合う二人にとって特別な日ですの！<br>ですから、あたしの愛のチョコを受け取ってくださいませ！<br>一口食べればあたしのとりこ、ですわ。<br>もちろん、あたしは既に団長さまのとりこですのよ♪<br>ハナモモ<br>,2,background/valentinecard_7.png,accent/valentineaccent_1.png,0,0,,0,
79,2,131911,団長様へ<br>ハッピーバレンタイン♪　アタシのチョコはもう食べてくれた？<br>団長様を虜にするために大事なのはチョコじゃなくて愛情。<br>でもやっぱり、一度は好きな人の胃袋を掴んでおきたいものなのよ♪<br>チョコの後は、アタシを食べに来てくれてもいいんだからね、団長様。<br>モモ<br>,2,background/valentinecard_5.png,accent/valentineaccent_4.png,0,0,,0,
80,2,132003,%user%団長へ<br>バレンタインだからって変に期待しないでよねっ。<br>ちょ、チョコは作ってきたけど……それ以外なにもないんだから！<br>本当にないわよ！？　ないけど、偶然、本当に偶然今日は暇だから、<br>どーしてもって言うなら、一緒に買い物とか、行けないこともないわ。<br>キルタンサス<br>,5,background/valentinecard_6.png,accent/valentineaccent_2.png,0,0,,0,
81,2,113001,団長様へ<br>団長様のためにチョコレートを用意しました。<br>少し趣向を凝らして、白黒模様のチョコにしてみました。<br>作るのにすっごく時間かかっちゃいましたけど、<br>団長様の笑顔が見たくてがんばりました♪　お口に合うと嬉しいです。<br>レシュノルティア<br>,2,background/valentinecard_8.png,accent/valentineaccent_1.png,0,0,,0,
82,2,142403,親愛なる%user%団長さんへ<br>団長に、バレンタインのチョコレート。<br>あたしの記憶には、今日団長にチョコレートをあげたことが残って<br>団長の記憶にはあたしから貰ったことが残るんだよね。<br>こうして毎日を積み重ねて、一緒に生きていこうね。大好きだよ。<br>ストロベリーキャンドル<br>,2,background/valentinecard_2.png,accent/valentineaccent_4.png,0,0,,0,
83,2,152713,愛しきキミへ<br>ハッピーバレンタイン。愛しきキミのために、チョコを贈るよ。<br>チョコは口に入れた瞬間に甘さが広がっていくのがいいよね。<br>本当に、いつもありがとう。感謝をしてもしきれないよ。<br>これからも、どうかよろしく。<br>リューココリーネより<br>,2,background/valentinecard_2.png,accent/valentineaccent_1.png,0,0,,0,
84,2,153201,"%user%だんちょーサンへ！<br>Happy Valentine's Day!<br>だんちょーサンは、sweetとbitter、<br>どっちのchocolateが好きデスかー？　りょうほうデスかー？<br>それとも、ハナミズキ、デスかー？　だんちょーサン、大好きデース！<br>ハナミズキ<br>",2,background/valentinecard_3.png,accent/valentineaccent_4.png,0,0,,0,
85,2,153601,%user%団長さんへ<br>ハッピーバレンタイン。団長さんへのチョコは、出来たてほやほやだよ。<br>いつものより一段と濃厚なミルクを入れたんだ。<br>特別な人にあげるチョコだもん。このぐらいやって当然だよ。<br>気持ちの込めたチョコレート、美味しく食べてね。<br>ゼラニウム<br>,2,background/valentinecard_2.png,accent/valentineaccent_1.png,0,0,,0,
86,2,110801,団長さんへ<br>じゃじゃーん！　バレンタインなのだよ！<br>デージーのチョコはとーってもおいしいのだよ！<br>デージーは、団長さんの作ったチョコも食べてみたいのだ！<br>大好きな団長さんのチョコなら、いくらでも食べられるのだ～！<br>デージー<br>,2,background/valentinecard_4.png,accent/valentineaccent_4.png,0,0,,0,
87,2,160401,団長様<br>バレンタインですので、私もチョコレートを作ってみました。<br>ここのところスケジュールを詰め込みすぎではないですか？<br>少し休んで、リラックスしてください。……回りくどいですね。<br>今日くらい、私だけの団長様になってくれませんか？<br>アイリス<br>,2,background/valentinecard_2.png,accent/valentineaccent_1.png,0,0,,0,
88,2,123401,団長さまへ<br>大好きな団長さまにチョコレートのプレゼント♪<br>ちょっとやそっとじゃ溶けない特別なチョコよ！<br>だから、バナナオーシャンでも安心して食べられるの。<br>食べきれなかったり、足らなかったりしたら、私のところに来てね！<br>アンスリウム<br>,2,background/valentinecard_5.png,accent/valentineaccent_4.png,0,0,,0,
89,2,161901,団長へ<br>バレンタインの菓子はハート型にするのが通例だそうだな。<br>先に言っておくけど、私は菓子作りはそこまでしない。<br>だから少しくらいの歪みは大目に見ろ。……これでも頑張ったんだ。<br>男なら、黙って勝負しろ。私は勝負したぞ。<br>ヤマブキ<br>,0,background/valentinecard_6.png,accent/valentineaccent_1.png,0,0,,0,
90,2,113501,%user%団長さんへ<br>団長さん団長さん、このチョコなんだか様子がおかしいにゃ。<br>おいしくなるように私の好きなものを入れたら、<br>なんだかフワフワいい気持ち……。<br>にゃー、せいかーい！　マタタビが入ってるにゃ～♪　うにゃ～ん♪<br>エノコログサ（ΦωΦ）<br>,2,background/valentinecard_7.png,accent/valentineaccent_8.png,0,0,,0,
91,2,110401,団長へ<br>超頑張ってチョコ作ったっす。<br>どうにか団長に思いを伝えたくて、作ってる間、ずっと燃えてたっすよ。<br>だから私の熱い思い、いっぱい入ってるっす。<br>団長のど真ん中まで届くよう、祈ってるっす！<br>ジャーマンアイリス<br>,2,background/valentinecard_5.png,accent/valentineaccent_1.png,0,0,,0,
92,2,143801,%user%団長さんへ<br>いつも頑張ってる団長さんに、チョコレートをプレゼント！<br>作ってる間、ずーっと誰にもヒミツだったけど、<br>ようやく渡せる日が来たね……。<br>くらえ！　忍法！　甘々チョコレートの術！！<br>オトギリソウ<br>,2,background/valentinecard_3.png,accent/valentineaccent_6.png,0,0,,0,
93,2,131915,団長さんへ<br>団長さん、いつも甘えてばかりでごめんなさい。<br>お仕事の合間にでも、このチョコレート、食べて下さい……！<br>お返しはもらえたら嬉しいですけど……それよりも、えっと、<br>パパって呼んで、もっと甘えてもいいですか……？<br>サクランボ<br>,2,background/valentinecard_2.png,accent/valentineaccent_4.png,0,0,,0,
94,2,111103,%user%団長さんへ<br>チョコレートを作ってみましたっ！<br>手作りにこだわったので、先輩達の手は借りてないんですよ！<br>その代わり……ちょっと不格好かもしれませんけど……<br>あ、あとで感想聞かせてくださいね！<br>チェリーセージ<br>,2,background/valentinecard_3.png,accent/valentineaccent_2.png,0,0,,0,
95,2,132407,%user%団長さんへ<br>団長さんのために、手作りのチョコレートを作りました。<br>他の誰にも……もちろん、アカシア隊長にも負けていないはずです！<br>……ふふ、これで団長のハートは独り占め……。<br>なんて、ついつい欲が出ちゃって、すみません。<br>ルピナスより<br>,2,background/valentinecard_8.png,accent/valentineaccent_6.png,0,0,,0,
96,2,133001,団長さん<br>いつも私と戦ってくれて、礼を言う。<br>そんな団長さんに、感謝の印として、チョコレートを贈りたい。<br>礼には及ばないさ。私は、いつも助けられてばかりだからな。<br>ほろ苦い私の気持ちが入ったチョコレート、味わってくれ。<br>サザンクロス<br>,2,background/valentinecard_6.png,accent/valentineaccent_1.png,0,0,,0,
97,2,141001,主様へ<br>チョコレートは、噛めばなくなる儚いもの……。<br>まるで私の存在そのもののようでありんす。<br>しかし主様との愛は、とこしえに残るもの。<br>ふふっ、口溶けの後に残ったものを、感じてもらいましょう……。<br>ゲッカビジン<br>,2,background/valentinecard_2.png,accent/valentineaccent_5.png,0,0,,0,
98,2,140401,団長さんへ<br>バレンタインなので、いつもお世話になっている団長さんに、<br>チョコレートをプレゼントさせていただきますね。<br>ふふっ、旅館のお客様に出すものとは違う、特別な手作りですよ。<br>なんといっても、入っている愛が違いますからね。<br>ハナショウブ<br>,2,background/valentinecard_2.png,accent/valentineaccent_1.png,0,0,,0,
99,2,141801,%user%団長さんへ<br>剣の道をゆく私でも、団長さんにチョコを渡すと思うと、<br>ドキドキと胸が高鳴って、緊張してしまうのですが、<br>勇敢かつ大胆に、大きなチョコレートをお贈りします！<br>もしお気に召したら……こっそり教えて下さい。<br>ナデシコより<br>,5,background/valentinecard_7.png,accent/valentineaccent_3.png,0,0,,0,
100,2,143701,%user%団長さんへ<br>まいど～。景気はどないや？<br>団長さんはモテモテやからなぁ～。<br>うちもチョコ用意したんやけど、もらってってくれるか～？<br>ここだけの話、これ本命やで、本命！<br>カンナ<br>,2,background/valentinecard_1.png,accent/valentineaccent_1.png,0,0,,0,
101,2,112809,%user%団長さんへ<br>ふぅ～、チョコレート作りは面倒だったわ……。<br>火にかけて、じっくり溶かさないといけないんだもの。<br>でも……ふふっ、頑張る価値はあったと思うわ。<br>団長さんにあげる、特別な一個よ。早めに召し上がれ♪<br>イオノシジウム<br>,2,background/valentinecard_3.png,accent/valentineaccent_2.png,0,0,,0,
102,2,130803,%user%団長さんへ<br>バレンタインとは、困ったイベントね。<br>チョコを作っている間、ずっと貴方のことを考えていたわ。<br>そうしたら、妙にドキドキするし、緊張するし……。<br>貴方が悪いんだから。本命チョコで、反省しといて。<br>ダリア<br>,5,background/valentinecard_2.png,accent/valentineaccent_1.png,0,0,,0,
103,2,124601,%user%団長へ！<br>みんながチョコ作って渡してるから、私も作ったぞ！<br>そう、私は女で、団長は男だからなっ！<br>だけど本命とか義理とかはよくわからなくってさ……。<br>このチョコは、マジチョコだっ！　マジな気持ち、受け止めてくれ！<br>カタバミ<br>,2,background/valentinecard_3.png,accent/valentineaccent_6.png,0,0,,0,
104,2,153401,%user%団長様へ<br>団長様のために、特別にチョコレートを作りました。<br>腕によりをかけて完成させた、自慢できる一品です。<br>それもこれも、日頃団長様から受けた愛に応えるため……。<br>団長様への一途な愛、感じてもらえると嬉しいです。<br>カラー<br>,2,background/valentinecard_2.png,accent/valentineaccent_2.png,0,0,,0,
105,2,124703,%user%団長様<br>いつも私に付き合ってくれて、ありがとうございます。<br>バレンタインということで、チョコレートを手作りしました！<br>よろしければこれをつまみに、今夜、一杯いきませんか？<br>私なら大丈夫です。もう団長様への愛で酔いっぱなしですから！<br>クチナシ<br>,2,background/valentinecard_2.png,accent/valentineaccent_6.png,0,0,,0,
106,2,154901,%user%団長さんへ<br>見てください、このチョコケーキの輝き！<br>きらきらのチョコスプレーをたくさん散りばめてみたんですよ！<br>食べるのがちょっともったいないですけど、ぜひ召し上がってください。<br>今日は、団長さんに想いを届ける方が重要ですから♪<br>サンゴバナ<br>,2,background/valentinecard_4.png,accent/valentineaccent_4.png,0,0,,0,
107,2,142001,%user%団長さんへ<br>私、頑張りました！　団長さんにチョコをプレゼントするため、<br>料理も頑張って覚えて、泣かずに最後まで作ることができました！<br>でも美味しいって言われたらうれし泣きしちゃうかも……。<br>ううん、私はきっと泣きません！　約束です！<br>ネリネより<br>,2,background/valentinecard_4.png,accent/valentineaccent_4.png,0,0,,0,
108,2,125001,%user%団長さんへ<br>私はもう、愛されるためなら誰にでもチョコレートをばら撒くような、<br>そんな恋はしないことにしようと思って……。<br>そう、だから、これは……たった一つの本命チョコレート。<br>団長さん。あなたのためだけに、作りました。受け取ってくれますか？<br>ディプラデニア<br>,2,background/valentinecard_2.png,accent/valentineaccent_5.png,0,0,,0,
109,2,121305,団長さんへ<br>チョコレートっていいですよね。<br>だっていろんな形にすることができます。<br>私のチョコレートは、大好きな団長さんの形。<br>……もったいないので、ゆっくり食べて下さいね。ふふっ♪<br>オオオニバス<br>,2,background/valentinecard_2.png,accent/valentineaccent_4.png,0,0,,0,
110,2,124301,%user%団長さんへ<br>チョコレートを作りましたので、団長さんにお贈りします。<br>いつも私を照らしてくれる団長さんに、真心を込めて……。<br>これからも、ずっと私を見ていて下さいね。<br>そして、できれば、ずっと近くにいて下さい……。<br>ツキミソウ<br>,2,background/valentinecard_2.png,accent/valentineaccent_1.png,0,0,,0,
111,2,154401,%user%団長さんへ<br>いつもお仕事、お疲れ様です。<br>頑張っている団長さんのために、チョコレートを作りました。<br>忙しいとき、疲れたときに、食べてみて下さいね。<br>……でも、疲れたら早めに言って下さいね。<br>ナイトフロックス<br>,2,background/valentinecard_3.png,accent/valentineaccent_3.png,0,0,,0,
112,2,123901,%user%団長さんへ<br>ゆ、勇気を出して……チョコレート、作ってみました……！<br>どんな失敗してるかわかりません……。<br>けど、前に進まないと、この気持ちも伝えられないから……。<br>とっても緊張しますけど、団長さんにお贈りします……！<br>オシロイバナ<br>,5,background/valentinecard_5.png,accent/valentineaccent_2.png,0,0,,0,
113,2,142003,団長さんへ<br>いつもお世話になってる団長さんに、チョコレートを贈るわ。<br>以前、私の耳と尻尾には情熱が秘められている、なんて話をしたけど、<br>このチョコレートにはそれ以上の情熱を込めたの。<br>ねえ、確かめてみない？　ふふっ、いいバレンタインになりそうね。<br>ヒガンバナ<br>,2,background/valentinecard_2.png,accent/valentineaccent_5.png,0,0,,0,
114,2,152803,団長へ<br>うわーん、チョコ作りなんてめんどくさいよー！<br>なんて思ってたけど、案外面白い気がしてきちゃったんだよね。<br>だからさ、来年は団長も一緒にやってみない？　団長へのチョコ作り！<br>楽しいし、私は楽だし、一石二鳥だよね！　あ、団長、今日も好きだよ！<br>エピデンドラムより<br>,2,background/valentinecard_3.png,accent/valentineaccent_6.png,0,0,,0,
115,2,134101,%user%団長さんへ<br>皆がチョコレート作ってるから、私も気合い入れて作ったよ！<br>形にもこだわったチョコだから、絶対団長さんも気に入ると思う！<br>……って、身構えないで！　普通のチョコだよ！　普通！<br>そりゃちょっと愛がこもりすぎてるかもしれないけどさ……。<br>キンギョソウ<br>,2,background/valentinecard_7.png,accent/valentineaccent_4.png,0,0,,0,
116,2,154201,%user%団長さんへ<br>団長さん……いつも優しくしてくれて、ありがとう。<br>チョコ、作ったの。食べてみて欲しい。<br>いろんな人のアドバイスが詰まってるよ。<br>手出しはさせてない、本当の手作りだから。<br>ギンリョウソウより<br>,2,background/valentinecard_8.png,accent/valentineaccent_1.png,0,0,,0,
117,2,112811,%user%団長へ<br>バレンタインだから、張り切ってチョコ作っちゃった！<br>いつも一緒に遊んでくれる団長に、プレゼントするね！<br>作ってる間ね、すごくドキドキしてたんだ、団長に喜んでほしくて。<br>花嫁さんからの愛情、ぜーったい最後まで食べてね！<br>オンシジューム<br>,2,background/valentinecard_3.png,accent/valentineaccent_3.png,0,0,,0,
118,2,131003,%user%団長<br>チョコレート……。バレンタインだから、頑張って手作り……してみた。<br>今まで……団長がたくさんの愛を伝えてくれた……。<br>私も……愛情、たくさん込めた……。だから、すぐには食べないで。<br>私が、……あーん、って……食べさせたい、です……。<br>サボテン<br>,5,background/valentinecard_8.png,accent/valentineaccent_2.png,0,0,,0,
119,2,111703,%user%団長<br>団長のために、真心を込めて、チョコレートを作ってきました。<br>バレンタインということで、他の皆さんにも貰っているかと思いますが、<br>これほど心のこもった本命チョコレートは、唯一無二だと思いますよ。<br>……やはり、緊張しますね。感想は、あとで聞かせてください。<br>ツバキ<br>,0,background/valentinecard_6.png,,0,0,,0,
120,2,132405,団長さんへ<br>いつも共に戦ってくれて、ありがとう。<br>お礼を言う気持ちも込めて、チョコレートを手作りしてきた。<br>……私が女の子みたいにチョコ作りにいそしむのは意外か？<br>ふふ、いいさ。ただ、団長さんには本当の私を伝えたいんだ。<br>ハリエンジュ<br>,2,background/valentinecard_6.png,accent/valentineaccent_1.png,0,0,,0,
121,2,133501,団長さんへ<br>今日は待ちに待ったバレンタインデー！<br>団長さんに、心を込めてチョコレートを用意してみたうさ！<br>食べると団長さんの心もぴょんぴょん！　するはず！<br>ぴょんぴょんして、眠れなくなっちゃったら、私に言ってね！<br>ウサギノオ(•ｘ•)<br>,2,background/valentinecard_7.png,accent/valentineaccent_6.png,0,0,,0,
122,2,141003,団長へ<br>お前さんのことが心配で、チョコレートなんかを作ってみたよ。<br>バレンタインデーに一つももらえないんじゃないかってね。<br>……なんて、そんなことはないだろうね。<br>味を褒めて欲しくて、つい徹夜で作ったのは、ここだけの秘密だよ。<br>↑ハート型にしたのを慌てて丸に戻してたうさ！　　　サンカクサボテン<br>,2,background/valentinecard_6.png,accent/valentineaccent_2.png,0,0,,0,
123,2,143501,"%user%団長さんへ<br>えへへ……チョコレート、頑張って作ってきたよー！<br>ウサギノオには秘密で、私一人で頑張ったんだよー！<br>だから……百パーセント、私の味がするよ！<br>大丈夫！　いたずらは入ってないから、味わって食べてね！<br>ススキ( ó × ò)<br>",2,background/valentinecard_5.png,accent/valentineaccent_4.png,0,0,,0,
124,2,150201,%user%団長さんへ<br>料理はあんまり学んだことのない私ですけど、<br>今日の日のために頑張って勉強して、チョコを作りました。<br>これを食べて、団長さんが元気になってくれたら嬉しいです♪<br>お気に召したら、また何度でも作りますね。<br>ルナリアより、愛を込めて<br>,2,background/valentinecard_2.png,accent/valentineaccent_1.png,0,0,,0,
125,2,120805,団長さんへ<br>団長さんのために、が、頑張って、チョコ、作りました……。<br>渡す前からドキドキで、泣いちゃいそうです……。<br>で、でも、褒められても、うれし泣きしちゃうかも……。<br>ううん、我慢します！　団長さんの、素敵な花嫁になるためにっ！<br>ヘレニウム<br>,5,background/valentinecard_5.png,accent/valentineaccent_3.png,0,0,,0,
126,2,145701,%user%団長さんへ<br>団長さんに、私の渾身のチョコレートをお贈りします。<br>きっと、一口食べればその違いに気づくはず……。<br>もちろん自信はありますが、答えはそっと聞かせて下さい。<br>舞い上がらないよう、気持ちの準備が必要ですので。<br>キンレンカ<br>,2,background/valentinecard_2.png,accent/valentineaccent_6.png,0,0,,0,
127,2,140701,%user%団長さんへ<br>団長さん！　チョコレートで、正々堂々勝負を挑むわ！<br>といっても、どんな子のチョコより美味しいって意味よ！<br>私のは、手作りで、味も絶対に負けないハズなんだから！<br>団長さん、本気の私のチョコレート、受け取ってね！<br>ローレンティア<br>,2,background/valentinecard_8.png,accent/valentineaccent_3.png,0,0,,0,
128,2,120803,%user%団長へ<br>いつも頑張ってる団長に、応援のチョコレートを贈るよ！<br>食べたらきっと元気になる！　そんな気持ちを込めてみたよ！<br>もしチョコが効かなかったら、私にこっそり言ってね！<br>私がもっともっと、応援してあげるから！<br>ガイラルディア<br>,2,background/valentinecard_3.png,accent/valentineaccent_1.png,0,0,,0,
129,2,155301,%user%団長へ<br>団長のおかげで、私、毎日、少しずつ前に進めています。<br>だから、このチョコレートは感謝の気持ちが半分。<br>もう半分は……団長への、私の秘めた思い、でできています。<br>私にとって一番である団長に受け取ってほしいです。<br>モミジ<br>,5,background/valentinecard_8.png,accent/valentineaccent_4.png,0,0,,0,
130,2,135801,%user%へ<br>バレンタインだから、チョコレートを贈っちゃうよー。<br>コータロとソータも、一緒に頑張ったんだよ。ねー？<br>でも……渡すってなると……ちょっと……緊張して……。<br>ううん、私はもう大丈夫！　はい！　プレゼントします！<br>ユーカリ<br>,2,background/valentinecard_3.png,accent/valentineaccent_1.png,0,0,,0,
131,2,155401,%user%団長さんへ<br>バレンタインチョコレート……というものを、私も作ってみました。<br>今日はどこもかしこもチョコレートで大騒ぎしている様子……。<br>渡すだけで愛を伝えられるとは、不思議な風習ですね……。<br>……せっかくなので、私も便乗させていただきますね。<br>イチョウ<br>,0,background/valentinecard_1.png,accent/valentineaccent_2.png,0,0,,0,
132,2,154203,%user%団長さんへ<br>団長さんに、バレンタインチョコを贈るわ。<br>そうね、いつも私の面倒を見てくれてありがとう、ってとこかしら。<br>だから、もっともっと私の面倒を見てくれていいのよ。<br>ふふっ……なんてね。<br>スズランノキ<br>,2,background/valentinecard_5.png,accent/valentineaccent_1.png,0,0,,0,
133,2,136701,%user%団長様へ<br>ふふっ、バレンタインのチョコレート、団長様にお贈りします。<br>愛を込めて、丹精込めて、頑張って作りました。<br>もっともっと団長さんの心を感じたくて……。<br>だから、感想は必ず聞かせて下さいね。<br>リュウゼツラン<br>,2,background/valentinecard_7.png,accent/valentineaccent_5.png,0,0,,0,
134,2,124003,%user%団長さんへ<br>……チョコを作ってきました。こっそりお渡ししますね。<br>ランタナちゃんに見つからないように、秘密で作ってたんです！<br>私のこの思い、やっぱり団長さんにだけ伝えたくて……。<br>ほらほら、見つかる前に！　早く食べてください！<br>ペポ<br>,5,background/valentinecard_7.png,accent/valentineaccent_4.png,0,0,,0,
135,2,125601,%user%団長へ<br>チョコレート作るの、大変だったわよ。火で溶かすのが特に。<br>でも……団長に気持ちを伝えるには、これしかないかなって。<br>まぁ、不器用なのも私の特徴だしね。<br>ちょっと固いチョコだけど、喜んでもらえれば嬉しいわ。<br>フォックスフェイス<br>,2,background/valentinecard_6.png,accent/valentineaccent_1.png,0,0,,0,
136,2,125501,"　♪　　　　　　　　　　　　だんちょへ　　　　　　　　　　　♪♪<br>         ほっほっほ！　なんとか間に合ったぞ、バレンタイン！<br>        　 目の回るような甘味の塊をとくと味わうがいい！<br>    だんちょのために特別作った、チョコケーキとカフェモカ……<br>        　ラブラブなこの気持ち、ちゃーんと受け止めてね！<br>♪♪♪　　　　　　　　　　 　ランタナ　　　　　 　　　　　♪♪♪♪<br>",2,background/valentinecard_3.png,accent/valentineaccent_3.png,0,0,,0,
137,2,144501,%user%団長さんへ<br>団長さんへのプレゼント……色々考えたけど、やっぱりチョコかな。<br>バレンタインだし、チョコは体にもいいらしいし。<br>団長さんが辛いときは、いつでも私に聞かせてね。<br>美味しいものを食べながら話そう？<br>リンドウ<br>,0,background/valentinecard_5.png,accent/valentineaccent_6.png,0,0,,0,
138,2,131503,%user%団長さんへ<br>バレンタインはお姉ちゃん達にも負けてられないんです！<br>だから、いっぱいいっぱい心を込めて、団長さんのために作りました！<br>世界に一個しかないチョコレート、受け取って下さい！<br>お姉ちゃん達のより……きっと……お……美味しいはずですっ！<br>ビオラより<br>,5,background/valentinecard_4.png,accent/valentineaccent_4.png,0,0,,0,
139,2,154701,%user%団長へ<br>団長にチョコレートを渡すと、もっと早くから決めていれば、<br>訓練を積めたと思うのですが……いえ、言い訳はよくありませんね。<br>私の全力を、チョコレートに込めました。秘めた気持ちもです。<br>どうか、受け取って……ほしいです。<br>ペンタスより<br>,5,background/valentinecard_7.png,accent/valentineaccent_3.png,0,0,,0,
140,2,140809,団長へ<br>バレンタインおめでとう。キミにチョコレートを贈る。<br>誇りを持って作らせて貰った。<br>……味については、おそらく大丈夫だと思っている。<br>チョコレート同様発展途中のキミと私の関係にも、進歩が訪れんことを。<br>エキナセア<br>,2,background/valentinecard_2.png,accent/valentineaccent_1.png,0,0,,0,
141,2,114801,%user%団長さんへ<br>団長さんのために、チョコを作ってきたんだ。<br>普通のチョコじゃつまらないかと思って、<br>私の判断で団長さんの好きそうなものをたくさん入れてみた。<br>絶対美味しいから。受け取ってくれ、団長さん。ハッピーバレンタイン。<br>ヤツデ<br>,0,background/valentinecard_2.png,accent/valentineaccent_6.png,0,0,,0,
142,2,136101,%user%団長へ<br>団長！　ハッピーバレンタインッス！　チョコ作ってきたッスよ！<br>自分はケーキ作りのイメージしかないかもしれないッスけど……、<br>チョコも余裕で作れるッスよ！<br>絶対美味しいッスから、よく味わって食べるといいッス！<br>ヤドリギ<br>,2,background/valentinecard_3.png,accent/valentineaccent_6.png,0,0,,0,
143,2,151903,%user%団長さんへ<br>バレンタインですねぇ～。<br>街にプレゼントを持ったお美しい女の子たちが……むっはぁー！　<br>……リンゴちゃんも、団長さんにチョコを作ってきたんですよ！<br>団長さんも私の様に胸がポカポカしてくれると嬉しいです……！<br>リンゴちゃんより<br>,2,background/valentinecard_5.png,accent/valentineaccent_1.png,0,0,,0,
144,2,144803,%user%団長さんへ<br>未来永劫続く団長さんへの愛を、このチョコに託してみたわ。<br>……でもこのチョコの味は不滅というわけにはいかないから、<br>美味しいうちに食べて欲しいのよ。<br>団長さん、ハッピーバレンタイン！<br>永遠の愛を紡ぐ者　アイビー<br>,2,background/valentinecard_2.png,accent/valentineaccent_3.png,0,0,,0,
145,2,122709,%user%団長さんへ<br>団長さんのお口に合うことを祈りながら、<br>鈴の形のチョコを作ってみたんです。<br>団長さんがどんなこと言ってくれるかなって、ずっとドキドキして……。<br>う、受け取ってください！　ハッピーバレンタイン♪<br>サンダーソニアより<br>,5,background/valentinecard_5.png,accent/valentineaccent_1.png,0,0,,0,
146,2,132903,%user%団長さんへ<br>ハッピーバレンタインです！<br>ホワイトチョコを二つ重ねて雪だるまのようにしてみたんですが……。<br>か、可愛いですか？　えへへ。　作ったかいがあります。<br>団長さんに喜んでもらえて……嬉しいです……！<br>クリスマスローズ<br>,2,background/valentinecard_3.png,accent/valentineaccent_2.png,0,0,,0,
147,2,156301,%user%団長さんへ<br>今日はバレンタインですね。<br>団長さんに手作りチョコを渡すこの日を、背伸びして待っていました。<br>ただ、チョコの形がちょっと崩れてしまいまして……、ふふっ。<br>……これも私の個性ということで！　どうぞ召し上がって下さいね。<br>モミノキより<br>,2,background/valentinecard_2.png,accent/valentineaccent_6.png,0,0,,0,
148,2,116001,団長へ<br>ハッピーバレンタイン、団長♪<br>団長へのチョコレート作ってたら、自然と笑顔になってたの！<br>団長がどんな反応するかなってワクワクしながら作ったんだよ！<br>……待ちきれないから、はやく食べて！　絶対美味しいよ！<br>ポインセチア<br>,2,background/valentinecard_3.png,accent/valentineaccent_4.png,0,0,,0,
149,2,116201,団長へ<br>団長のためにチョコレートを作ってきたよ！　<br>せっかくだから何か特別なものを入れようと思ったんだけど……、<br>でも不味くなっちゃったら嫌だから、冒険しなかった！<br>その代わり、と～っても気持ちを込めたんだ！　美味しく食べてね！<br>ホーリー<br>,2,background/valentinecard_7.png,accent/valentineaccent_5.png,0,0,,0,
150,2,126401,%user%団長さんへ<br>バレンタインということで、チョコレートを作ってきました。<br>団長さんの日々の疲れを癒すことができたらと、<br>味はもちろん見た目にもこだわりました。<br>なるべく早めに召し上がってくださいね。<br>マンリョウ<br>,2,background/valentinecard_1.png,accent/valentineaccent_3.png,0,0,,0,
151,2,126501,団長へ<br>団長へのチョコ、持ってきたよー！　もちろん私の手作り！　<br>食べたら感想教えてね？　絶対だよ！　え、チョコだけじゃ足りない？<br>じゃあセンリョウのことも……なんちゃってー♪<br>ハッピーバレンタイン、団長！　<br>センリョウより<br>,2,background/valentinecard_1.png,accent/valentineaccent_6.png,0,0,,0,
152,2,156601,%user%団長さんへ<br>団長さんがより私のことを好きになってくれるような、<br>とっておきのチョコレートを作ってきたわ。<br>もしお腹が痛くなっても、私が治してあげるから安心して。<br>……なんて冗談よ。美味しく食べてね。<br>ナンテンより<br>,2,background/valentinecard_1.png,accent/valentineaccent_1.png,0,0,,0,
153,2,150301,団長さんへ<br>今日は一年に一度のバレンタインデー。<br>大好きな団長さんのために、チョコレートを作ってきたよぉ。<br>……嘘じゃないよぉ？　団長さんのことは大好きだもん。<br>ということで、ハッピーバレンタイン！　お返しも楽しみにしてるねぇ！<br>ハボタン<br>,2,background/valentinecard_2.png,accent/valentineaccent_4.png,0,0,,0,
154,2,156303,団長さんへ<br>以前は、バレンタインがどうしてここまで盛り上がるのか……<br>分かりませんでした。でも、団長さんのためにチョコを作っている時や、<br>それを渡す今、幸せな気持ちが込み上げてくることに気づいたんです。<br>ふふっ、団長さんも同じ気持ちだったら……すっごく、嬉しいです。<br>マツ<br>,2,background/valentinecard_1.png,accent/valentineaccent_1.png,0,0,,0,
155,2,156801,団長さんへ<br>ま、まずは深呼吸……。すぅぅ……はぁぁ……。背筋を伸ばして……。<br>団長さん……！　てっ、手作りのチョコレートです！<br>あっ、あの、ぜひ、食べてみてください！　心をこめて作りました！<br>はっ、ハッピーバレンタイン……です……！<br>シャクヤクより<br>,5,background/valentinecard_7.png,accent/valentineaccent_4.png,0,0,,0,
156,2,136801,%user%団長へ<br>渡したいものがあるのじゃ。<br>懐に入れておいたから少々溶けているかもしれんが……。<br>わしが作った“ばれんたいんちょこ”じゃ。<br>パクッとしたらズバババッと感想をわしに言うのじゃ。絶対じゃぞ。<br>ボタン<br>,2,background/valentinecard_2.png,accent/valentineaccent_3.png,0,0,,0,
157,2,122711,ダーリンへ<br>今日はバレンタイン！　ダーリンのためにチョコレートを作ったわ！<br>美味しそうにできたの！　遠慮しないで褒めてくれてもいいわよ♪<br>もう……はやく食べて欲しいわ！　はやくはやく！<br>ハッピーバレンタイン、ダーリン♪<br>ユリ<br>,2,background/valentinecard_3.png,accent/valentineaccent_5.png,0,0,,0,
158,2,132905,%user%団長さんへ<br>団長さんに幸せを掴んでもらいたいって思いから、<br>一生懸命、団長さんにチョコを作ってきたよ！<br>団長さんの幸せそうな顔を見られれば、あたしも幸せになれそうだし！<br>ハッピーハッピーバレンタインさ、団長さん！<br>フクジュソウより<br>,2,background/valentinecard_1.png,accent/valentineaccent_2.png,0,0,,0,
159,2,132403,%user%団長へ<br>今日の輸送任務は、いつもとは少し違うわ。<br>私が作ったチョコレートを団長に届けるという、重要任務なの。<br>ということで、ハッピーバレンタイン、団長！<br>ふふっ♪　美味しく食べてね！<br>アカシアより<br>,2,background/valentinecard_2.png,accent/valentineaccent_4.png,0,0,,0,
160,2,145101,"ダンナさまへ<br>バレンタインのチョコを作ってきましたです！<br>ヘリオの甘い匂いと共に、召し上がってほしいですです～！ <br>つまり、もっとヘリオの近くに来てほしいということです！<br>とっておきの炭酸コーヒーも準備しましたです～！　どうぞですですー！<br>ヘリオより<br>",2,background/valentinecard_4.png,accent/valentineaccent_4.png,0,0,,0,
161,2,136901,%user%団長さんへ<br>一人でいるとふと寂しくなる瞬間ってありますよね。<br>でも、団長さんの喜ぶ顔を想像しながらチョコを作っている間は、<br>少しもそんな気持ちにならなかったんです。<br>やっぱり私、団長さんのことが……大好きみたいです！<br>ポピー<br>,2,background/valentinecard_6.png,accent/valentineaccent_1.png,0,0,,0,
162,2,122003,%user%団長さんへ<br>大好きな団長さんのために、一生懸命チョコレートを作ったよ！<br>そんな私が可愛いって……？　<br>じゃぁ、これでチョコレートが美味しくできてたら、余計可愛いよね？<br>団長さん、はやく食べてー！<br>「団長さんの」レインリリーより<br>,2,background/valentinecard_4.png,accent/valentineaccent_4.png,0,0,,0,
163,2,157301,%user%団長へ<br>今日はバレンタインだから、はい、これ団長に。手作りチョコレート。<br>団長の幸せを願って作ってたら、私の心までポカポカしてきた。<br>団長もポカポカする？　私からのチョコで、幸せになる？<br>大好きな団長が幸せなら……うん、私も幸せ。<br>シャムサクララン<br>,0,background/valentinecard_8.png,accent/valentineaccent_2.png,0,0,,0,
164,2,144401,%user%団長へ<br>アンハッピーバレンタイン、団長。<br>美味しいチョコレートを団長のために作ってきたの。　はやく食べて？<br>……中から何か赤いものが出てるって？　血、じゃないかしら。<br>……団長の今の表情、素敵よ。　そんなわけないじゃない。　ふふふっ♪<br>ベロニカ<br>,2,background/valentinecard_2.png,accent/valentineaccent_5.png,0,0,,0,
165,2,147501,団長さんへ<br>ハッピーバレンタインです、団長さん！　はい、これチョコレートです。<br>美味しくできたと思います！<br>でも、私、まだまだ高みを目指せる気がします！<br>なので、来年も、再来年も……、期待していてくださいね！<br>バルーンバイン<br>,2,background/valentinecard_5.png,accent/valentineaccent_2.png,0,0,,0,
166,2,132907,%user%団長へ<br>ハッピーバレンタイン、団長！<br>団長が私のことを放っておけなくなるように、<br>じゃ～ん！　美味しい～チョコレートを作ってきたよー！　どうかな？　<br>ずっと私に構っていたくなったでしょ？　なったよね！？　えへへ♪<br>ラナンキュラス<br>,2,background/valentinecard_5.png,accent/valentineaccent_4.png,0,0,,0,
167,2,155201,%user%団長さんへ<br>団長さんのためにチョコレートを作ったんです。<br>私、溶けるか溶けないかギリギリのところでここまで持ってきました。<br>名づけてギリギリチョコレート！　……何だか、ドキドキしてきました！<br>……団長さん、ギリギリのところで食べてください！<br>ニシキギより<br>,2,background/valentinecard_3.png,accent/valentineaccent_1.png,0,0,,0,
168,2,121701,%user%団長へ<br>そなたがわらわを普通の女子として扱うゆえ、わらわも巷の女子に習い、<br>チョコを作ってきたが……なぜチョコなのじゃ？<br>わらわとそなたがこの後、チョコのように溶け合うという意味か……？<br>こ、子供だなんて、団長、まだ気が早い……！！　わらわは構わぬが…<br>ヒメシャラより<br>,5,background/valentinecard_1.png,accent/valentineaccent_3.png,0,0,,0,
169,2,117601,%user%団長殿へ<br>団長殿へのチョコレートを作ってきましたので、受け取ってください。<br>ところで、団長殿のこの後のスケジュール、空いていますか……？<br>そ、その、率直に言いますと、その時間を私と一緒に過ごしてくれると、<br>とても嬉しいのですが……。<br>ベルゲニア<br>,5,background/valentinecard_8.png,accent/valentineaccent_4.png,0,0,,0,
170,2,110901,%user%団長さんへ<br>バレンタインデーに好きな人へ手作りチョコを贈る……なんて、<br>これ以上の青春がありますか？<br>いくつ歳をとっても、永遠に青春のままでいたいですね。<br>これからもよろしくお願いします、団長さん！<br>プリムラでした！<br>,2,background/valentinecard_2.png,accent/valentineaccent_1.png,0,0,,0,
171,2,122001,団長さんへ<br>ねぇ、団長さん。バレンタインのチョコをいっぱい作ってきたよ。<br>どうせチョコ渡すならたくさん渡せってレインリリーに言われたの。<br>……これくらい、団長さんなら全部食べられるよね？　<br>ハッピーバレンタイン♪<br>ゼフィランサス<br>,2,background/valentinecard_3.png,accent/valentineaccent_1.png,0,0,,0,
172,2,112901,%user%団長へ<br>団長が、いつも、わたしのこと大切に思ってくれるから……、<br>今日は、その気持ちに応えるよ。<br>団長のためにね、チョコレート、作ってきたの。ハッピーバレンタイン。<br>……やっぱり、その……ちょっと、照れちゃうね。<br>トリカブト<br>,5,background/valentinecard_2.png,accent/valentineaccent_4.png,0,0,,0,
173,2,117101,団長さんへ<br>えっと……だ、団長さんのために、チョコを作ってきました……！<br>……緊張してなかなか言い出せなかったんですけど、<br>はやく言わないとチョコが溶けてしまうので……。<br>チョコは人を積極的にしますね。ハッピーバレンタインです、団長さん！<br>ロウバイ<br>,5,background/valentinecard_5.png,accent/valentineaccent_2.png,0,0,,0,
174,2,112401,団長さんへ<br>団長さんのために作ったチョコレートです。美味しそうな香り付きです。<br>フレーバーチョコレートとでも言いましょうか。<br>結構上手くできたと思います！……もちろん味の方も美味しいですよ？<br>えへへ、このチョコレートは私と団長さんだけの秘密ですよ♪　<br>ミモザ<br>,2,background/valentinecard_2.png,accent/valentineaccent_1.png,0,0,,0,
175,2,152901,団長へ<br>チョコをチョコっと作ってみたよ。<br>……って、反応無しかーい！　とっておきのギャグなんだけどぉ！<br>もしかして、暖めすぎて溶けてしまったのかなぁ？　チョコだけに！<br>……おあとがよろしいようで。ということで、ハッピーバレンタイン！<br>デルちゃんより<br>,2,background/valentinecard_7.png,accent/valentineaccent_6.png,0,0,,0,
176,2,111105,%user%団長へ<br>ここのところずっと、<br>どうやったら美味しいチョコができるかという実験に明け暮れていた。<br>結果、なかなかのものができあがったと思う。<br>少々変わった色になったが、心配しなくていいぞ。さぁ食べたまえ。<br>ローズマリー<br>,0,background/valentinecard_8.png,accent/valentineaccent_1.png,0,0,,0,
177,2,110803,だんちょーへ<br>「ニコニコ笑顔のチョコ」を作ろうと思ったんですけど、<br>ちょっと難しかったので、「ニコニコ笑顔でチョコ」にしました！<br>ずっとだんちょーのこと考えながらニコニコ笑顔で、作ったんですよ！<br>食べる時もニコニコ笑顔でお願いしますね！　<br>サイネリア<br>,2,background/valentinecard_5.png,accent/valentineaccent_4.png,0,0,,0,
178,2,131917,%user%団長さんへ<br>わたしが作った特製チョコを団長さんにプレゼントします！<br>……心配しないで大丈夫ですよ！<br>団長さんが私のことをより好きになってくれる漢方薬と、<br>団長さんがいつまでも元気でいてくれる漢方薬しか入っていませんから！<br>アプリコットより<br>,2,background/valentinecard_7.png,accent/valentineaccent_4.png,0,0,,0,
179,2,125901,団長へ<br>おぉ～、団長ー！　うぃぃ、ひっく……！<br>私、団長のためにチョコ作ってきたよ～。お酒飲みながら作った……<br>わけないじゃーん！　ぬふふ～。あ、チョコの中にはね～、<br>ちょっとだけお酒入ってるよ～！　一緒に飲も……じゃなくて食べよう！<br>ホップ<br>,2,background/valentinecard_5.png,accent/valentineaccent_1.png,0,0,,0,
180,2,124201,%user%団長へ<br>ハッピーバレンタインです、団長！<br>……私が作ったチョコだからって、お酒が入ってると思いました？<br>残念！　入ってないんです。　でもその代わり……、<br>チョコに合うお酒を入手したんですよ！　朝まで付き合って下さいね♪<br>ヘザーより<br>,2,background/valentinecard_2.png,accent/valentineaccent_2.png,0,0,,0,
181,2,140811,団長へ<br>団長～。薬草チョコを作ってきたよぉ～。<br>あ、薬草って言っても、甘くて美味しいのを選んだからね～。<br>団長の喜ぶ顔が見たくて頑張って作ったんだぁ～。<br>ハッピーバレンタインだよぉ！　これからもよろしくね！<br>ヨモギより<br>,2,background/valentinecard_7.png,accent/valentineaccent_3.png,0,0,,0,
182,2,151901,団長さんへ<br>すごいチョコを作れたっていう自信はないけど……、<br>団長さんを思う気持ちとか、努力は誰にも負けてないと思うんです！<br>いつも失敗ばかりだけど、今回は味もきっと、美味しいはずです！　<br>私の気持ち、受け取ってください、団長さん！　<br>ナナカマド<br>,2,background/valentinecard_3.png,accent/valentineaccent_3.png,0,0,,0,
183,2,114901,団長さんへ<br>今日は、バレンタイン。私、団長さんにチョコをあげたいって思うの。<br>誰かの言いつけとかじゃなくて、私の気持ちなの。<br>団長さんに、私が一生懸命作ったチョコをプレゼントするの。<br>ハッピーバレンタインなの！　団長さん！<br>シンクライリアナ<br>,0,background/valentinecard_6.png,accent/valentineaccent_1.png,0,0,,0,
184,2,110403,%user%団長さんへ<br>普段はあまりお菓子を作ったりはしないけど、<br>団長さんのためにチョコレートを一生懸命作ってみたの。<br>服のコーディネートを考えることより、遥かに難しかったわ。<br>自信があるとは言えないけど……受け取ってもらえると嬉しいです。<br>サフランより<br>,0,background/valentinecard_2.png,accent/valentineaccent_6.png,0,0,,0,
185,2,124001,団長へ<br>女の子扱いされるのは嫌いだけど……、<br>でも、今日は団長のためにチョコを作ってきたんだ。<br>……まあ、チョコをあげるのが女の子って決まりはないしね！<br>シンプルで飾らないチョコを作ったよ！　美味しく食べてね！<br>カラスウリ<br>,2,background/valentinecard_6.png,accent/valentineaccent_1.png,0,0,,0,
186,2,150805,ブラザー・%user%へ<br>私は変化のある生活が大好きなんだが、<br>不思議と、団長への想いはずっと変わらないんだ。<br>今日はバレンタインということで、団長への気持ちをチョコにしてみた。<br>団長の口に合うといいが……。まあ、大丈夫だろう！　受け取ってくれ！<br>アスター<br>,2,background/valentinecard_8.png,,0,0,,0,
187,2,144403,%user%団長さんへ<br>好きな人にチョコをあげるのって、やっぱり良いよね。<br>バレンタインの習慣がない地域もあるからね。<br>ということで、ちょっと他国風な特製チョコを<br>団長さんのために作ってきたよ！　受け取ってね！<br>ラッセリアより<br>,2,background/valentinecard_8.png,accent/valentineaccent_1.png,0,0,,0,
188,2,112001,%user%団長さんへ<br>ハッピーバレンタインです！<br>私と団長さんの将来への希望を込めて、チョコレートを作ってきました。<br>自分で言うのもなんですが、私、料理やお菓子作りは得意なんです！<br>美味しくできたと思うので、ぜひぜひ、食べてください！　えへへ。<br>スノードロップより<br>,2,background/valentinecard_5.png,accent/valentineaccent_3.png,0,0,,0,
189,2,117001,%user%団長ちゃんへ<br>ハッピーバレンタイーン！　団長ちゃん、今日は何の日だか分かるー？<br>って、バレンタインだって私が言っちゃってたね！<br>ということで、私が作ったチョコレート、受け取ってねー！<br>へへっ、結構美味しいから、団長ちゃんきっと驚くよー！<br>アロエより<br>,2,background/valentinecard_3.png,accent/valentineaccent_1.png,0,0,,0,
190,2,142701,団長へ<br>いつも団長が私に愛情を注いでくれるから、<br>たまには私も団長に愛情を注いであげるわ。<br>どう？　美味しそうなチョコでしょ？　私が作ったのよ。　ふふっ。<br>お返し、楽しみにしているわ。　10倍、いや、100倍くらいかしら？　<br>リリオペ<br>,2,background/valentinecard_5.png,accent/valentineaccent_4.png,0,0,,0,
191,2,154205,団長さんへ<br>誰のチョコが最初に食べられるか、誰がどんなお返しをもらえるか……。<br>こういうイベントでは揉め事の種は尽きないわよね～、うふふっ♪<br>私からも、団長さんに本命チョコをあげるわ。<br>刺激が欲しいだけじゃなく、あげたくてあげるの。勘違いしちゃダメよ？<br>サツキ<br>,2,background/valentinecard_2.png,accent/valentineaccent_5.png,0,0,,0,
192,2,122401,団長さんへ！<br>今日はバレンタインデー！<br>団長さんのためにがんばってチョコを作ったよ！<br>あとで団長さんのとこ行くから、その時までに食べておいてね？<br>まだ食べてなかったら、あたしが直接食べさせちゃうぞー！<br>カイコウズ<br>,2,background/valentinecard_7.png,accent/valentineaccent_1.png,0,0,,0,
193,2,130303,%user%団長さんへ<br>あなたのイベリスが、チョコレートを届けに来ましたよー！<br>腕によりをかけて作りましたから、きっとこのチョコを食べれば、<br>団長さんも私に誘惑されちゃうこと間違いなしです！<br>大好きです、団長さん！　私の想いを受け取ってくださーい！<br>イベリスより<br>,2,background/valentinecard_4.png,accent/valentineaccent_4.png,0,0,,0,
194,2,140813,団長へ<br>……バレンタインデー、ですね。<br>ごめんなさい、恥ずかしくて、何を書けばいいのか……。<br>団長にはいつも良くして頂いているから、そのお礼……です。<br>これからも、末永く……よろしくお願いします。<br>シオン<br>,5,background/valentinecard_6.png,accent/valentineaccent_1.png,0,0,,0,
195,2,124501,%user%団長さんへ<br>バレンタインです、団長さん！　バレンでタインなデーですよ！<br>というわけで、どうぞ！　チョコレートをご用意いたしました！<br>ところで知ってましたか？　チョコを食べると集中力が上がるそうです！<br>なので、食べた後は、その集中力で私とのお喋りに付き合ってください！<br>お返しより団長さんと喋る時間がたくさん欲しいリシアンサスでしたー！<br>,2,background/valentinecard_7.png,accent/valentineaccent_6.png,0,0,,0,
196,2,125603,団長さんへ<br>いつも頑張っているあなたに、たまにはご褒美もあげなくちゃね。<br>呪いはかかってないわよ？　そんなことしたら、お返しに困るじゃない。<br>先に言っておくけど、お金で買えるようなお返しはいらないわ。<br>私に尽くさせてあげる。それも含めて、あなたにはご褒美でしょう？<br>ベラドンナ<br>,2,background/valentinecard_2.png,accent/valentineaccent_1.png,0,0,,0,
197,2,135101,%user%団長さんへ<br>思い出の品、という言葉もあるように、物には記憶が宿る。<br>ただ、チョコは食べ物だから、カードも贈ることにした。<br>私が団長さんにチョコを贈ったこと、覚えていてくれると嬉しい。<br>その……チョコに込めた気持ちも一緒に。<br>ワスレナグサ<br>,5,background/valentinecard_2.png,accent/valentineaccent_1.png,0,0,,0,
198,2,150103,団長さんへ<br>ハッピーバレンタイン、団長さん。<br>今日は、女性から男性に想いを伝えてもいい日らしいんだ。<br>だから、ボクが団長さんを好きな気持ち、受け取ってほしい。<br>あっ、ボクって書いちゃった！　うぅ、私ってばまだまだだなぁ……。<br>タチアオイ<br>,2,background/valentinecard_6.png,accent/valentineaccent_3.png,0,0,,0,
199,2,121801,%user%団長様<br>趣向を凝らして、チョコレートフォンデュをご用意しました。<br>ふわふわのマシュマロを、チョコレートにくぐらせて食べるんです。<br>……今、別のものを連想しませんでしたか？<br>そっちは……その……チョコを食べてから、召し上がってくださいね。<br>グリーンベル<br>,5,background/valentinecard_2.png,accent/valentineaccent_1.png,0,0,,0,
200,2,152715,​%user%団長様へ<br>好きな人にどうやって、どんなチョコを渡そうか……。<br>今日のために悩む人は多いです。それだけ皆さん真剣ということですね。<br>……私も、その一人です。心から、あなたを想っています。<br>チョコレート、団長様のお口に合ったら嬉しいです。<br>アリウム<br>,5,background/valentinecard_2.png,accent/valentineaccent_1.png,0,0,,0,
201,2,110301,​団長さんへ<br>ハッピーバレンタインです！<br>甘えたがりな私を、いつもおそばに置いてくださる団長さんへのお礼に、<br>甘ーいチョコレートを差し上げますね。えっ？　甘さの意味が違う？<br>う～ん……それなら、私が直接団長さんを甘やかしに行きますね！<br>アリッサム<br>,2,background/valentinecard_3.png,accent/valentineaccent_4.png,0,0,,0,
202,2,122005,​%user%団長さんへ<br>チョコを作りましたので、どうぞ、食べてください♪<br>好きな人にチョコをあげると、雨のお返しがもらえるって聞きました。<br>でも、自由に雨を降らせるなんて、団長さんはすごいですね！<br>はい？　雨じゃなくて飴の間違い、ですか？　そ、そんなぁ……。<br>ハブランサス<br>,2,background/valentinecard_5.png,accent/valentineaccent_1.png,0,0,,0,
203,2,114601,団長さんへ<br>ハッピーバレンタインです！<br>団長さんのために、日頃の感謝を込めてチョコを作りました。<br>感謝だけじゃなくて、もっと特別な気持ちも入ってます。<br>これからも私と一緒にいてくださいね。大好きですっ！<br>オキザリス<br>,2,background/valentinecard_3.png,accent/valentineaccent_4.png,0,0,,0,
204,2,111601,ご主人へ！<br>今日は、大好きな人にチョコをあげる日なんだって！　しってた？<br>ボクはチョコを食べると具合わるくなっちゃって、味見できないから、<br>チョコの代わりにお肉をもっていくね！<br>たくさんあるから、いっしょに焼いて食べようねっ、ご主人！<br>イヌタデ<br>,2,background/valentinecard_3.png,accent/valentineaccent_7.png,0,0,,0,
205,2,144301,団長へ<br>フクちゃんから、手作りチョコのお届けでーす♪<br>デザインにこだわって、見て楽しい、食べて美味しいチョコにしたよ！<br>さぁ、フクちゃんを……じゃなくて、フクちゃんのチョコを召し上がれ♪<br>書き間違えちゃった～！　でも、両方食べてもいーよ？<br>フクちゃんより<br>,2,background/valentinecard_7.png,accent/valentineaccent_1.png,0,0,,0,
206,2,148301,​%user%へ<br>なんでアタシが、こんなガラにもないもの作らなきゃいけないんだ？<br>……まあ、アンタの喜ぶ顔が見られるなら、悪くない……かもな。<br>わかってるだろうが、義理でこんなことするほど暇じゃないからな。<br>残さず食べろよ。そうしたら、来年もまた作ってやる。<br>クフェア<br>,5,background/valentinecard_8.png,,0,0,,0,
207,2,121307,​団長さんへ<br>バレンタインデーはロマンチックですね。<br>私の作ったチョコが団長さんの体内に溶け込んで、血肉になる。<br>団長さんの髪の毛の先から爪先まで行き渡って共に生きる……ふふっ。<br>団長さん、チョコは何個欲しいですか？　ゼロという回答は認めません。<br>オオオニバス<br>,2,background/valentinecard_2.png,accent/valentineaccent_5.png,0,0,,0,
208,2,126403,%user%団長さんへ<br>ハッピーバレンタイン、団長さん。<br>もし私が本当に花嫁になっても、毎年愛する旦那様にチョコを贈ります。<br>今はまだ先の未来ですけど、いつか、団長さんと……。<br>……照れちゃいますね。でも、心からそう思っています。<br>マンリョウ<br>,5,background/valentinecard_2.png,accent/valentineaccent_4.png,0,0,,0,
209,2,131919,%user%団長さまへ<br>レディは愛情を伝える努力をおろそかにはいたしませんの！<br>あたしももちろん、団長さまへのチョコを作りましたのよ。<br>食べていただいて、団長さまのお口に合ったなら、<br>お返しには、抱っこして、たくさんナデナデして欲しいですの♪<br>ハナモモ<br>,2,background/valentinecard_2.png,accent/valentineaccent_4.png,0,0,,0,
210,2,120807,%user%団長様へ<br>バレンタインとは、きっと私のような人のためにある日なのでしょうね。<br>自分のことを話すのが苦手でも、こうして想いを伝えられる。<br>でも、そのことに甘えるだけではいけないと思っています。だから……。<br>……お慕いしています、団長様。私の愛を、受け取ってください。<br>ガザニア<br>,5,background/valentinecard_2.png,accent/valentineaccent_4.png,0,0,,0,
211,2,154703,%user%団長へ<br>私がチョコを贈る側に回るなんて、ちょっと考えたことなかったな。<br>恥ずかしくて、書く言葉も浮かんでこないし……。<br>団長のことを考えて選んだチョコだから、喜んでもらえたら嬉しいな。<br>えっと……いつもありがと。これからもよろしくね。<br>バンテイシ<br>,5,background/valentinecard_6.png,accent/valentineaccent_1.png,0,0,,0,
212,2,124603,%user%団長へ<br>バレンタインだな！　私もチョコを作ってきたぞー！<br>団長のためなら、女の子っぽいことするの結構楽しいって気づいたんだ。<br>楽しいっていうか、ドキドキとか、ソワソワするって方が近いのかな？<br>気づかせてくれてありがとな、団長っ！<br>カタバミ<br>,2,background/valentinecard_3.png,accent/valentineaccent_6.png,0,0,,0,
213,2,110405,​%user%団長へ<br>うぇ～い、バレンタインデーがやってきたっすよ～。<br>団長のために、熱い想いを込めたチョコを贈るっす。<br>一球入魂、もとい、一チョコ入魂っす。チョコの中で魂が燃えてるっす！<br>溶けちゃわないうちに食べてほしいっす。<br>ジャーマンアイリス<br>,2,background/valentinecard_7.png,accent/valentineaccent_1.png,0,0,,0,
214,2,132909,%user%団長さんへ<br>お世話になってる人へのチョコを、義理チョコっていうんだそうです。<br>私はいつも団長さんのお世話になってますけど、<br>そのお礼だけじゃなくて、もっと特別な気持ちも込めてます。<br>おいしい、って思ってもらえたら……すごく嬉しいです！<br>ヒメリュウキンカ<br>,5,background/valentinecard_4.png,accent/valentineaccent_4.png,0,0,,0,
215,2,128801,団長へ<br>ニャニャ～、はっぴーばれんたいーん！<br>団長のために、おいしいチョコの作り方、いっぱい勉強したのニャ！<br>それに、団長を好きって気持ちもいっぱい詰めたんだよ！<br>このチョコを食べて、団長に元気いっぱいになってほしいニャ！<br>ライオンゴロシ<br>,2,background/valentinecard_3.png,accent/valentineaccent_7.png,0,0,,0,
216,2,131923,%user%団長さんへ<br>街の人たちのお手伝いをすると、自分にも良いことがあるんですよ～？<br>色んなことが身について、自分を高められるんです。<br>お菓子作りの腕も、日に日に上達していると思います♪<br>団長さん、チョコレートの感想、ぜひ聞かせてくださいね。うふふ～♪<br>サクラより<br>,2,background/valentinecard_2.png,accent/valentineaccent_3.png,0,0,,0,
217,2,152805,%user%団長へ<br>団長～。チョコレート作ったから、部屋まで取りに来てくれる？<br>作るのに全力出しちゃって、包む余力がないんだよね～……。<br>来たら色々してあげるよ？　水着になってチョコ食べさせてあげるとか。<br>ね、お願い！　待ってるからね～。<br>エピデンドラム<br>,0,background/valentinecard_3.png,accent/valentineaccent_1.png,0,0,,0,
218,2,112813,%user%へ<br>私はバレンタインなんて興味ないけど、あなたは気になるんでしょう？<br>しょうがないから、私が特別にチョコを作ってあげたわ。<br>……ハートの型しかなかっただけで、チョコの形に意味はないわよ！？<br>ま、まぁ、それであなたが満足なら、勝手に勘違いしてもいいけど……。<br>カトレアより<br>,5,background/valentinecard_2.png,accent/valentineaccent_4.png,0,0,,0,
219,2,140815,%user%団長へ<br>いつも助けてくれてありがとう。はい、チョコレート。<br>足りなかったら部屋に来て、チョコと同じわたしの匂い、嗅いでいいよ？<br>……もし団長が欲しいなら、匂いだけじゃなく、食べちゃっても……。<br>って、あー、わ、わたし何書いてるの！？　い、今のナシだよっ！<br>チョコレートコスモス<br>,5,background/valentinecard_2.png,accent/valentineaccent_3.png,0,0,,0,
220,2,125003,%user%団長さん<br>どうぞ、団長さんへのチョコレートです♪<br>疲れが吹き飛ぶように、美味しくなぁれーって気持ちを込めたんですよ。<br>残さず食べてくれたら、膝枕して、いい子いい子してあげますね。<br>大好きですっ、団長さん♪<br>プルメリア<br>,2,background/valentinecard_2.png,accent/valentineaccent_5.png,0,0,,0,
221,2,152403,%user%団長さん<br>私なんかがチョコを贈ってもご迷惑かも、とは思ったんですけど、<br>ほんのちょっとでも喜んでもらえたらと、恥を忍んで作りました。<br>団長さん！　私のチョコレート、食べてくださいっ！<br>……あっ。も、もちろん他の方のチョコを食べた後で結構ですよ……？<br>エニシダ<br>,5,background/valentinecard_5.png,accent/valentineaccent_1.png,0,0,,0,
222,2,147901,%user%団長へ<br>口で言うだけじゃ気持ちは伝わらねえ。行動で示してこそだ。<br>っつーわけで、あんたのためにチョコを作ってきたぞ！<br>私が男にチョコを作るのなんて初めてだ。これで本気だってわかったか？<br>よーし。お返しは団長、あんた自身だ！　もらいに行くから待ってろよ！<br>スイギョク<br>,2,background/valentinecard_3.png,accent/valentineaccent_6.png,0,0,,0,
223,2,157801,%user%団長へ<br>団長が喜んでくれると思って、チョコ作ったよ～。<br>混ぜてたら飛び散ってベトベトになるし、けっこう大変だったんだ～。<br>でも、苦労した分、美味しいチョコができたと思うよ～。<br>えへへ、食べてる間は動かないよね？　後でしがみつきに行くからね～。<br>イカリソウ<br>,2,background/valentinecard_7.png,accent/valentineaccent_1.png,0,0,,0,
224,2,110501,団長さんへ<br>バレンタインです！　団長さんにチョコを贈るお祭りですね！<br>だって、私が好きな男の人なんて、団長さんしかいねぇですから。<br>チョコと肉で迷いましたけど、基本を大事にしてチョコにしましたです！<br>さぁさぁ、どうぞこいつを食らいやがれですよ！<br>シーマニア<br>,2,background/valentinecard_3.png,accent/valentineaccent_1.png,0,0,,0,
225,2,131505,団長さんへ<br>ふにー、ハッピーバレンタインですー♪<br>いつもありがとう、大好きですーって気持ちをたくさん込めました！<br>そうすれば美味しくなるって、スミレお姉ちゃんが言ってたんです。<br>団長さんが、にこー♪　ってなってくれたら私も幸せですー！<br>ビオラより<br>,2,background/valentinecard_1.png,accent/valentineaccent_4.png,0,0,,0,
226,2,153203,"%user%だんちょーサンへ！<br>今日が何の日か、覚えてマスか？<br>そう、年に一度の Valentine's  Day デスネー！<br>いつも以上に Special な Love を伝えられる日デース！<br>ワタシの気持ち、ゼンシンゼンレーで受け止めてほしいデスヨー♪<br>ハナミズキ<br>",2,background/valentinecard_1.png,accent/valentineaccent_5.png,0,0,,0,
227,2,131921,%user%団長さんへ<br>団長さん、お疲れ様。世間は色めき立っているようだな。<br>私もこういう催しは好きな方だよ。祭の楽しさを知ってからは尚更だ。<br>……少々回りくどくなったな。つまり、団長さんにチョコを作ったんだ。<br>自分で言うのも何だが、自信作だ。是非味わってくれ。<br>ウメ<br>,2,background/valentinecard_1.png,accent/valentineaccent_1.png,0,0,,0,
228,2,142901,%user%団長さんへ<br>いつもお世話させてもらってるお礼に、チョコレートを作りました！<br>……何か変ですか？　変じゃないですよね？<br>私は団長さんのお世話するのが好きなので、間違ってないと思います！<br>細かいことは気にせず、召し上がってください！<br>クレマチス<br>,2,background/valentinecard_5.png,accent/valentineaccent_2.png,0,0,,0,
229,2,124705,%user%団長さん<br>バレンタインって、妹や弟にチョコをあげる日だったんですよ。<br>みんながケンカしないように、全員均等に分けて……。<br>でも今は、あの頃とは全然違う意味を持つ日になりました。<br>……好きな人のためにチョコを作るのって、ドキドキするんですね。<br>キヌタソウ<br>,5,background/valentinecard_2.png,accent/valentineaccent_1.png,0,0,,0,
230,2,116003,%user%団長さんへ<br>普通、チョコはずっと触っていると溶けちゃうものらしいですね？<br>でもでもなんと、私の体温なら素手で触ってもチョコは溶けないのです！<br>指でつまんで『あ～ん♪』って食べさせてあげるのに最適なんですよ！<br>私の体質が役立つ日が来ました！　後でお部屋に行きますねー！<br>ハツユキソウ<br>,2,background/valentinecard_5.png,accent/valentineaccent_2.png,0,0,,0,
231,2,155601,主様へ<br>ハッピーバレンタインだきぃ～！<br>いつもお世話になってるお礼に、主様にチョコを作ったきぃ。<br>主様が喜んでくれたら、私もすっごく嬉しいきぃ！<br>……大好きだよ。主様♪<br>ホオズキ<br>,2,background/valentinecard_3.png,accent/valentineaccent_1.png,0,0,,0,
232,2,124701,団長へ<br>私はあなたと距離を置くつもりでいたのに、あなたは歩み寄ってきた。<br>……文句を言っているわけじゃないんだ。むしろ逆だ。<br>今日は、あなたへの感謝を形にしてみた。<br>これでも、礼のつもりなんだ……喜んでくれるか？<br>サオトメバナ　追伸、ハッピーバレンタイン<br>,5,background/valentinecard_1.png,accent/valentineaccent_1.png,0,0,,0,
233,2,140101,%user%団長、ハッピーバレンタイン<br>日頃の感謝を込めて、ってことでチョコを作ってたんだけど……。<br>作ってるうちに、それだけじゃなくなってきた気がするんだ。<br>団長に渡すことを考えてると、胸がドキドキする。<br>この気持ち、はっきりさせたいんだ。……付き合ってくれる？<br>ウキツリボク<br>,5,background/valentinecard_2.png,accent/valentineaccent_4.png,0,0,,0,
234,2,132701,%user%団長さんへ<br>はろにゃー、団長さん！　ハッピーバレンタイーン！<br>いつもバトルや修行に付き合ってくれてるお礼に、チョコを作ったの。<br>同封のコーラはサービスだよ！<br>食べて飲んで、お腹いっぱいになったら、またあたしとバトルしてね！<br>カタクリことナイトメアより<br>,2,background/valentinecard_3.png,accent/valentineaccent_1.png,0,0,,0,
235,2,112603,%user%団長へ<br>お疲れさま、団長！　アルストロメリアからチョコのお届けだよー！<br>感謝の気持ちをいっぱい込めて作ったんだー♪<br>いつもアタシたちを助けてくれてありがとう。<br>大好きだよー！　これからもよろしくね！　えへへっ♪<br>アルストロメリア<br>,2,background/valentinecard_2.png,accent/valentineaccent_4.png,0,0,,0,
236,2,142005,団長さんへ<br>本命とか義理なんて分け方、何の意味もないわよね？<br>義理でチョコをあげたりなんてしないわ。勘違いされたら面倒だもの。<br>あたしがあげるのは、その気になってくれてもいい人……あなただけ。<br>ふふっ、今ドキッとした？　そういう可愛いところ、好きよ♪<br>ヒガンバナ<br>,2,background/valentinecard_1.png,accent/valentineaccent_5.png,0,0,,0,
237,2,132911,%user%へ<br>貴方と一緒にいて、初めて知ったことがある。<br>大切な人のために何かをするのが、こんなに嬉しいってこと。<br>貴方が喜んでくれたら、もっと嬉しい。<br>してほしいこと、全部教えて？　もっともっと貴方に喜んでほしい。<br>アネモネ<br>,2,background/valentinecard_1.png,accent/valentineaccent_1.png,0,0,,0,
238,2,141803,%user%団長さんへ<br>拝啓……いえ、普通の手紙ではないのでした。<br>団長さんへの贈り物となると、普段以上にかしこまってしまいますね。<br>ですが、これだけは伝えさせてください。<br>いつもありがとうございます。私の気持ち、受け取ってください。<br>ナデシコ<br>,5,background/valentinecard_1.png,accent/valentineaccent_2.png,0,0,,0,
239,2,112003,%user%団長さんへ<br>今日はバレンタイン。団長さんを想う皆さんとの勝負の日です！<br>ライバルはたくさんいますけど、負けるつもりはありませんよ！<br>私の全身全霊、全力の愛を込めたチョコを……え、暑苦しいですか？　<br>それは大変です。暑さでチョコが溶ける前に食べてください、団長さん！<br>エウカリス<br>,2,background/valentinecard_5.png,accent/valentineaccent_1.png,0,0,,0,
240,2,142405,%user%団長さんへ<br>ハッピーバレンタイン！　今日も団長さんのお仕事、お疲れさまです！<br>団長さんのために、チョコレートを作ったんだ。<br>食べたら元気がわいてくること間違いなし、だよ！<br>お返しには、元気になった分、わたしに構ってくれたら嬉しいな……♪<br>ハギ<br>,2,background/valentinecard_3.png,accent/valentineaccent_1.png,0,0,,0,
241,2,120809,団長殿へ<br>今日は女性から殿方へチョコレートを渡す日。<br>私も、団長殿に召し上がっていただこうとチョコレートを作りました。<br>お菓子作りの本で勉強したんです。少し甘すぎるかもしれませんが……。<br>お口に合ったら、とても……とても嬉しいです。<br>フジバカマ<br>,5,background/valentinecard_1.png,accent/valentineaccent_2.png,0,0,,0,
242,2,118101,"%user%団長へ<br>団長にチョコレートをあげる夢を見たし。<br>起きたら厨房に立ってて、チョコレートを作り終えてたし。<br>一応味見もしたけど、ちゃんと美味しかったし。<br>せっかくだから、現実の団長にもあげるし。ハッピーバレンタイン。<br>ツキトジ（ 廿 ｘ 廿 ）<br>",0,background/valentinecard_5.png,accent/valentineaccent_1.png,0,0,,0,
243,2,158001,%user%団長様へ<br>バレンタインに、大切な人にチョコレートを差し上げる……。<br>世間ではありふれたことでも、私にとっては憧れでした。<br>団長様のおかげで、私はたくさんの幸せを手にできています。<br>いつもありがとうございます。感謝の気持ち、受け取ってください。<br>ツユクサより<br>,2,background/valentinecard_2.png,accent/valentineaccent_6.png,0,0,,0,
244,2,150809,%user%団長様へ<br>毎年この時期は市場にチョコが溢れる。菓子作りのし甲斐があるのじゃ。<br>いつもは自分で食べてしまうのじゃが、今年はそなた様がおるからの。<br>そなた様の反応を想像しながら作るのは、乙なものじゃったぞ？<br>わっちのチョコレート、遠慮せず食べるがよいのじゃ♪<br>シロタエギクより<br>,2,background/valentinecard_5.png,accent/valentineaccent_1.png,0,0,,0,
245,2,134401,%user%だんちょーさまへ<br>だんちょーさまに、チョコレートをご用意しました！<br>なんと、チョコレートケーキです！　えへへ、ビックリしましたか？<br>ちょっと量が多いですけど、味はバッチリ保証しますよー！<br>予想は裏切り、期待は裏切らない。劇でも日常生活でも大切なことです！<br>カルセオラリア<br>,2,background/valentinecard_3.png,accent/valentineaccent_4.png,0,0,,0,
246,2,124901,団長さんへ<br>チョコレートは溶かしたり固めたり、自由に形を変えられますよね。<br>そのせいで、つい美しいチョコを作るのに熱中しすぎまして……。<br>ふと我に返ると、ほぼ彫刻作品になっていました。<br>……食べてもらうために作ったので、食べてくださいね？<br>アカンサス<br>,4,background/valentinecard_7.png,accent/valentineaccent_1.png,0,0,,0,
247,2,117401,%user%団長へ<br>この私からチョコレートをもらえるなんて、嬉しいでしょう？<br>他の男には、当然こんなことしないんだからね。<br>あなただけの栄誉を存分に噛み締めるがいいわ！<br>……あと、お返しも、忘れないでよね。<br>ストレリチア<br>,5,background/valentinecard_4.png,accent/valentineaccent_4.png,0,0,,0,
248,2,139201,%user%団長へ<br>だーんちょ、ハッピーバレンタインっ♪<br>この日のために練習を重ねた、ランプランサスの特製チョコだよ！<br>もし気に入ってくれたら、毎年どころか毎日だって作ってあげちゃう。<br>チョコだけじゃなく、私も食べていいんだよ？　なんて……えへへー♪<br>あなたのお嫁さん、ランプランサスより<br>,2,background/valentinecard_5.png,accent/valentineaccent_1.png,0,0,,0,
249,2,131803,%user%団長さんへ<br>今日はバレンタインだね。チョコレート、どうぞ！<br>いつもわたしを支えてくれる団長さんに、日頃のお礼！<br>食べた人が幸せになりますように～、って気持ちを込めてるよ。<br>団長に幸せを分けてあげられたら、すごく嬉しいな。しゃわしゃわ～♪<br>シャボンソウ<br>,2,background/valentinecard_3.png,accent/valentineaccent_4.png,0,0,,0,
250,2,158501,%user%団長さーへ<br>バレンタインは、女の人が男の人にチョコをあげる日。<br>団長さーに贈り物ができる、とっても素敵な日だよ！<br>あたしが作ったチョコも、カードと一緒に受け取ってね！<br>もし足りない時は、また作ってくるから、遠慮しないで言ってね！<br>ハゼより<br>,2,background/valentinecard_1.png,accent/valentineaccent_3.png,0,0,,0,
251,2,142203,%user%団長さんへ<br>今日はバレンタインなんで、チョコレートこさえてきました。<br>改まって渡すのは、なんだかしょしくてしょうがねぇです……。<br>んでも、これから毎年、ずっとプレゼントし続けててーです。<br>夫婦になっても……いや、なんでもねぇです！<br>コキアより<br>,5,background/valentinecard_5.png,accent/valentineaccent_1.png,0,0,,0,
252,2,135301,%user%団長殿へ<br>いつもお疲れ様です。はい、手作りのチョコレートよ。是非、食べてね。<br>後で感想を聞きに行くけど、もし気に入ったら……甘えさせてね。<br>ふふっ、そうじゃなくても甘えちゃおうかな。<br>だってこれは、あまーいチョコレートだもの。<br>メイゲツカエデ<br>,2,background/valentinecard_2.png,accent/valentineaccent_6.png,0,0,,0,
253,2,156501,%user%団長さんへ<br>あの……チョコレートを作ってきました……。<br>本当にお気に召すかどうか、自信が無いのですが……。<br>でも団長さんは優しいですから、たとえ微妙でも褒めてくれる……。<br>あ、いえ、素直な感想が聞きたいです！　今後の参考のために！<br>ヒトリシズカ<br>,5,background/valentinecard_8.png,accent/valentineaccent_2.png,0,0,,0,
254,2,156803,%user%団長さんへ<br>団長さんのために、チョコレート、作りました……。<br>本当は……胸がどきどきして、倒れそうなほどなんですけど……。<br>団長さんを、どうしてもビックリさせたくって、頑張りました……。<br>私の気持ち……受け取って下さい！　がおー！<br>シャクヤクより<br>,5,background/valentinecard_7.png,accent/valentineaccent_4.png,0,0,,0,
255,2,133503,%user%団長さんへ<br>さぁさぁ、やって来ましたバレンタイン！<br>乙女の淡い恋心、想い人へと一歩、また一歩と踏み出す日♪<br>ということで、バレンタインデーのチョコレートを持ってきたうさ！<br>私の愛が、一杯詰まってるから、開けたとたんに飛び出しちゃうかも～！<br>ウサギノオ（•x<）⌒☆<br>,2,background/valentinecard_7.png,accent/valentineaccent_1.png,0,0,,0,
256,2,152903,%user%団長へ<br>いつもお世話になってる団長に、いいもの、あげる。<br>普通のチョコレートじゃないよ。<br>きっと夢にも出てきちゃうかも……。<br>なんて、それぐらい美味しいってことだから、大丈夫だよ。<br>ニゲラ<br>,2,background/valentinecard_2.png,accent/valentineaccent_1.png,0,0,,0,
257,2,115501,%user%団長へ<br>にっひっひ！　バレンタインデーは、団長に可愛がってもらうチャンス！<br>ということで、頑張ってチョコレートを作ってきたよ！<br>このドキドキ、伝わるかな？　美味しかったら、あとで褒めてね！<br>それでそれで！　これからも、ずぅ～～っと一緒にいようね！<br>ブルーエルフィンより<br>,2,background/valentinecard_3.png,accent/valentineaccent_1.png,0,0,,0,
258,2,128701,%user%団長さんへ<br>団長さんにチョコレートのプレゼントだーっ！<br>バレンタインにチョコを渡したら、団長さんは喜ぶに違いない！<br>……のかなぁ……？　う、うん……喜んでくれるよ……ね？<br>……大丈夫！！　私の気持ちがぎゅうぎゅうに詰まってるんだから！<br>キウイより<br>,2,background/valentinecard_5.png,accent/valentineaccent_6.png,0,0,,0,
259,2,148901,%user%団長へ<br>美味しくて、あま～いチョコレートを用意してあげたわ！<br>ふふっ、チョコ作りもラッピングもまさに完璧！　完全無欠！<br>でも、そんなチョコをあげるのは、団長さん一人だけ……。<br>ほ、ほら！　ね！　察しなさいよね！　私が何を考えてるかぐらい！<br>完全無欠パイナップル様より<br>,5,background/valentinecard_2.png,accent/valentineaccent_4.png,0,0,,0,
260,2,111909,%user%団長へ<br>こっそり……プレゼントを差し入れに来たよ。<br>秘密のプレゼントだから、人のいないところで開けてね。<br>中身は……ふっふっふっ、普通のチョコレートだよ。<br>でも、チョコに込めたメッセージは……もう少し秘密にしておこうかな。<br>ビワ<br>,2,background/valentinecard_2.png,accent/valentineaccent_1.png,0,0,,0,
261,2,153001,%user%団長へ<br>真心込めて、チョコレートを作らせていただきました！<br>味は……お嫁さんとして、合格点でしょうか？<br>やっぱり、素材の値段よりも、込めた真心の量ですよね！<br>私の気持ちが、全部団長に伝わりますように！<br>ミカンより<br>,2,background/valentinecard_5.png,accent/valentineaccent_3.png,0,0,,0,
262,2,131925,%user%団長さんへ<br>団長さんに、プレゼントを持ってきました。<br>えへへ、今日の私はちょっと積極的ですよ。<br>チョコレートに、健康に良さそうなものだけじゃなくて……。<br>愛情をたっぷり注いでみました。だから、今日は甘えさせて下さいね♪<br>アプリコットより<br>,2,background/valentinecard_2.png,accent/valentineaccent_1.png,0,0,,0,
263,2,112815,%user%団長さんへ<br>はい、チョコレート。今日はバレンタインでしょ。<br>もー、いい加減だから忘れてると思ってたわけ？<br>団長さんへのプレゼントを忘れるサンタさんは、いないでしょ！<br>言っとくけど、団長さんにしかあげないんだからね！<br>イオノシジウムより<br>,2,background/valentinecard_3.png,accent/valentineaccent_4.png,0,0,,0,
264,2,157303,%user%団長へ<br>団長が幸福になれるよう、チョコ作ったから、プレゼントする。<br>これで団長が幸せになってくれれば、とっても嬉しい。<br>……でも、幸せすぎて他の子からもチョコが集まったら……。<br>……どうすればいいのかな。難しい。団長、助けて。<br>シャムサクララン<br>,2,background/valentinecard_5.png,accent/valentineaccent_1.png,0,0,,0,
265,2,121703,%user%団長へ<br>わらわは朝早くに起き、チョコレートを作るのに大変な思いをした。<br>それもこれも、団長の気を引くため……。　どうじゃ！<br>このチョコを食せば、たちどころにわらわに魅了されるであろう。<br>それでも効かぬと申すなら、後でわらわの部屋に来ても良いぞ？<br>ヒメシャラより<br>,2,background/valentinecard_2.png,accent/valentineaccent_6.png,0,0,,0,
266,2,155303,%user%団長へ<br>団長はいっぱいチョコレートを貰っていて……。<br>私が思っていた以上にライバルが多いみたいですね。<br>それでも、私は団長にとっての一番になりたいんです。<br>だから……私の気持ち、このチョコレートを受け取ってくれますか？<br>モミジ<br>,3,background/valentinecard_6.png,accent/valentineaccent_4.png,0,0,,0,
267,2,119101,%user%団長さまへ<br>いつも素敵な団長さまに、愛を込めてチョコレートをお贈りするのです！<br>もっともっと愛して欲しくて、愛をいーっぱい込めて作ったのです。<br>わたくしも、団長さまのことを、もーっと愛し続けることを誓うのです！<br>だから、団長さまからも、ずーっと愛して欲しいのですぅ～！<br>クリスマスベゴニアなのです♪<br>,2,background/valentinecard_7.png,accent/valentineaccent_6.png,0,0,,0,
268,2,141105,%user%団長へ<br>団長にプレゼントです！　これはバレンタインのチョコレートで……。<br>メ、メエェッ！？　ほ、本命ぇ……そ、そうです、本命ですっ！<br>何回もやり直して、やっといいのができたんですよ！<br>これを食べた後は、わた……メェ～～！！　書けません～～！！<br>ワタチョロギ<br>,5,background/valentinecard_3.png,accent/valentineaccent_1.png,0,0,,0,
269,2,128201,%user%団長へ<br>団長！！　私、団長にバレンタインデーで選ばれたいん！<br>だからチョコケーキをちょこっとおすそ分けしに来たよ！<br>中身は私の愛でいっぱいだよ！　でも、想いが重いとか言わないで！<br>チョーこって作ったから、景気良く食べてね！　ケーキだけに！<br>ポーチュラカ<br>,2,background/valentinecard_3.png,accent/valentineaccent_2.png,0,0,,0,
270,2,143001,%user%団長さんへ<br>ハッピーバレンタイン！<br>手作りチョコレートを配りにやってきました～。<br>良い子にしていた団長さんに、プレゼントしちゃいますよ～。<br>これからも、一緒に頑張りましょうね、団長さん。<br>スキミアより<br>,2,background/valentinecard_5.png,accent/valentineaccent_1.png,0,0,,0,
271,2,130805,%user%団長へ<br>団長！　見てください！　手作りチョコレートです！<br>努力に努力を重ねてようやく完成したこのチョコレート！<br>団長だけにプレゼントしますよ！<br>私の愛情と、努力の結晶！　是非味わって食べて下さいね！<br>ローダンセより<br>,2,background/valentinecard_3.png,accent/valentineaccent_1.png,0,0,,0,
272,2,144805,%user%団長さんへ<br>今宵のために用意した我が魂の結晶……この黒き漆黒の……<br>チョコレート！　団長さんにだけお贈りするわ！<br>ふっふっ……その味に驚かないことね。<br>サクラさんの奥義により完成したこのチョコは……まさに無敵よ！<br>†生命の守護者†　真・アイビー<br>,2,background/valentinecard_2.png,accent/valentineaccent_6.png,0,0,,0,
273,2,114603,%user%団長さんへ<br>はー、はー、団長さんに贈るチョコレート、やっと完成しました！<br>これでバレンタインというムードに置き去りにならなくてすみそうです！<br>えっと……でも、急いで作ったから、味は……。<br>お、お手柔らかにお願いします！<br>オキザリスより<br>,5,background/valentinecard_3.png,accent/valentineaccent_1.png,0,0,,0,
274,2,159401,%user%団長さんへ<br>団長さんに、チョコレートをプレゼントするわね。<br>バレンタインデーのために、色々考えて作った特製チョコよ。<br>ふふっ、お料理担当として、負けてられないものね。<br>小さい子達に渡す義理チョコとは、もちろん違うわよ。<br>ユズリハより<br>,2,background/valentinecard_2.png,accent/valentineaccent_6.png,0,0,,0,
275,2,113301,%user%団長へ<br>……えっと……これ、あげる。……チョコレートだよ。<br>そう、今日は……バレンタインだから。<br>こういうのは、好きな人にあげるんだって、ユズリハが言ってた。<br>だから……団長にあげるね。喜んでもらえたら……嬉しい。<br>オリーブより<br>,0,background/valentinecard_6.png,accent/valentineaccent_1.png,0,0,,0,
276,2,129601,%user%団長へ<br>団長に手作りのチョコレートを献上しよう。<br>あまり豪華ではない……かもしれないが、精一杯のことはしたつもりだ。<br>これも愛する人のためなら仕方な……。<br>い、いや、なんでもない。忘れてくれ。<br>七草乙女団　セリより<br>,5,background/valentinecard_5.png,accent/valentineaccent_1.png,0,0,,0,
277,2,140823,%user%団長さんへ<br>団長さんのために、チョコレートをご用意しました。<br>いつもお世話になっている団長さんには、<br>子供達にあげるものとは違う、特別なものをプレゼントしますね。<br>うふふっ。子供達には、内緒ですよ。<br>七草乙女団　ゴギョウより<br>,2,background/valentinecard_2.png,accent/valentineaccent_6.png,0,0,,0,
278,2,157601,%user%団長へ<br>バレンタインデーなんてめんどくさ～……。<br>って思ってたけど、団長にはいつも世話になってるしね。<br>ま、ちょっとぐらいお返ししないと、って思ってさ。<br>……こんな私だけど、これからもよろしくニャン！<br>ユキノシタ<br>,2,background/valentinecard_8.png,accent/valentineaccent_1.png,0,0,,0,
279,2,131805,%user%おにーちゃんへ<br>みてみてー！　チョコレート作ってきたんだよ！<br>ナズナたんが作り方教えてくれたんだよ！<br>一番好きな人にあげるといいよって言われたから、<br>だいすきな団長おにーちゃんにあげるね！<br>七草乙女団　ハコたんより<br>,2,background/valentinecard_3.png,accent/valentineaccent_4.png,0,0,,0,
280,2,150203,%user%団長さまへ<br>ふふっ、バレンタインなので、団長さまにチョコレートをプレゼント！<br>も・ち・ろ・ん！　私の手作りなんだから！<br>団長さまのためにあれこれレシピを工夫してみたよー！<br>特別なこの一品、味わって食べてね♪<br>アナベルより<br>,2,background/valentinecard_3.png,accent/valentineaccent_4.png,0,0,,0,
281,2,158101,%user%団長へ<br>いつも共に戦ってくれて、礼を言う。<br>団長のために、チョコレートを用意した。受け取ってくれ。<br>……こ、恋人に渡すもの……らしいからな。<br>いいか？　他の誰にも言わず、隠れて食べるんだぞ。<br>キリンソウより<br>,5,background/valentinecard_8.png,,0,0,,0,
282,2,159501,%user%団長さんへ<br>今日はバレンタインデーですね。<br>愛する団長さんに、チョコレートをお贈りします。<br>小さいですけど、真心込めて作りました。<br>こんな私で良かったら、ずっと団長さんのそばにいさせてくださいね。<br>プロテアより<br>,2,background/valentinecard_2.png,accent/valentineaccent_2.png,0,0,,0,
283,2,150701,%user%団長さんへ<br>団長さんっ！　チョコレートあげるっ！<br>えへへっ、いっぱい失敗しちゃったけど、なんとか完成したよ～。<br>一個しかないから、大好きな団長さんだけにあげるね！<br>これからもいっぱいおしゃべりしようね！<br>オトメギキョウ<br>,2,background/valentinecard_3.png,accent/valentineaccent_1.png,0,0,,0,
284,2,152807,%user%団長さんへ<br>今日はバレンタインです。プロテアちゃんたちと一緒に心を込めて<br>作ったチョコレート、受け取って下さい！<br>私のは特別にリリィウッドで取れる木の実も隠し味に入ってるんですよ♪<br>だって、一番好きな人にあげるものなんですから、特別です♪<br>リカステより<br>,2,background/valentinecard_2.png,accent/valentineaccent_1.png,0,0,,0,
285,2,127201,大好きな%user%団長さんへ<br>バレンタインデーにチョコをプレゼントなんて……大人っぽいです！<br>しかも大好きな団長さんにあげてしまうなんて……！<br>これって大人の階段上っちゃってますよね！？<br>お、お返しは……団長さんでお願いしますっ！<br>大人の階段登るカカオでした！<br>,5,background/valentinecard_4.png,accent/valentineaccent_4.png,0,0,,0,
286,2,142703,%user%団長さんへ<br>団長さんは、いつも……私のこと、大切にしてくれますよね。<br>だから……感謝を込めて、チョコレートを作ってきました。<br>ちょっと魔力が……入っちゃってるかもしれませんが……。<br>これからも、一緒にいてくれると……嬉しいです。<br>オニユリより<br>,5,background/valentinecard_6.png,accent/valentineaccent_1.png,0,0,,0,
287,2,157305,%user%団長さんへ<br>はい、チョコレート。……ってタダじゃ渡さないわ。<br>お返しの代わりに、ラブラブしない？<br>ね？　手をつないだり、キスしたり、結婚したり、<br>ついでに家族も増やしちゃう？　って、半分は冗談だからね♪<br>ハートカズラより<br>,2,background/valentinecard_5.png,accent/valentineaccent_4.png,0,0,,0,
288,2,139801,%user%団長さんへ<br>は～い、チョコレートを配りに来ましたよ～。<br>団長さんには、一番大きいチョコレートをあげるね～。<br>だって団長さんは、私の一番好きな人なんだよ～。<br>……えへへ、緊張するね。でも今言わなきゃって思ったの。<br>ヨウラクボタン<br>,5,background/valentinecard_2.png,accent/valentineaccent_1.png,0,0,,0,
289,2,7270001,,2,background/valentinecard_8.png,accent/valentineaccent_1.png,0,2,message/valentinemessage_1.png,1,
290,2,7270002,,2,background/valentinecard_1.png,,0,2,message/valentinemessage_2.png,2,
291,2,7270003,,5,background/valentinecard_3.png,,0,2,message/valentinemessage_3.png,3,
292,2,7270004,,0,background/valentinecard_4.png,accent/valentineaccent_4.png,0,2,message/valentinemessage_4.png,4,
293,2,7270005,,6,background/valentinecard_2.png,,0,2,message/valentinemessage_5.png,5,
294,2,7270006,,0,background/valentinecard_7.png,,0,2,message/valentinemessage_6.png,6,
295,2,5000,ダンチョ<br>ハッピーバレンタインプルゥ<br>チョコウケトッテプルゥ<br>ダンチョカラノ……モホシイプルゥ<br>いのち<br>※メッセージ内容はイメージです。<br>,0,background/valentinecard_4.png,accent/valentineaccent_4.png,0,1,,0,
296,2,5020,"ダッチョサン<br>ダッチョサン バレンタイン<br>ダッチョサン チョコチョコ<br>ダッチョサン テヅクリ ウケトッテ？<br>まもり<br>※メッセージ内容はイメージです。<br>",0,background/valentinecard_7.png,accent/valentineaccent_1.png,0,1,,0,
297,2,5010,"ガウガゥ（拝啓 団長様）<br>ガウガゥガゥグルル（バレンタインですね。愛の誓い、緊張します。）<br>ガウガウグルル ガゥガゥ（手作りチョコレート納品致します。）<br>ガウガウガウガウガウガウ（どうぞお納めください。 敬具）<br>ガゥグルル ル（霊獣 攻のアンプルゥ）<br>※メッセージ内容はイメージです。<br>",0,background/valentinecard_8.png,accent/valentineaccent_1.png,0,1,,0,
298,2,109933,団長<br>愛の誓いをする時がきたぜ！<br>オレ、団長のことを究極の愛で包む……からさ！<br>オレのこの内から溢れ出る気持ち……受け止めてほしい！<br>情熱のレッド・ブルム<br>※メッセージ内容はイメージです。<br>,0,background/valentinecard_3.png,accent/valentineaccent_1.png,0,1,,0,
299,2,109934,"Dear. 団長さん<br>ふ……チョコレートだ。<br>今日は愛……そう、愛を誓いあう日だ。<br>どういうことか……わかるよな？<br>冷静のブルー・ブルム<br>※メッセージ内容はイメージです。<br>",0,background/valentinecard_6.png,,0,1,,0,
300,2,109935,団長！<br>ハッピーバレンタイン！<br>はい、手作りチョコレートだよ！<br>愛の誓いで……ボクは進化するよ！<br>歓喜のイエロー・ブルム<br>※メッセージ内容はイメージです。<br>,0,background/valentinecard_4.png,accent/valentineaccent_3.png,0,1,,0,
301,2,109936,団長へ<br>バレンタインは贈る側が愛を示す日だそうだ。<br>これだけは言わせてほしい。<br>本命チョコをどうぞ、団長。<br>魔性のパープル・ブルム<br>※メッセージ内容はイメージです。<br>,0,background/valentinecard_2.png,,0,1,,0,
302,2,109921,だんちょう<br>いつも　みんなを　みまもってくれて　ありがとう<br>みんなが　あかくあったかい　きもちに　なるといいな<br><br>あかのまにゅ<br>※メッセージ内容はイメージです。<br>,0,background/valentinecard_4.png,,0,1,,0,
303,2,109922,だんちょう<br>いつも　みんなを　みまもってくれて　ありがとう<br>みんなが　あおくはればれした　きもちに　なるといいな<br><br>あおのまにゅ<br>※メッセージ内容はイメージです。<br>,0,background/valentinecard_8.png,,0,1,,0,
304,2,109923,だんちょう<br>いつも　みんなを　みまもってくれて　ありがとう<br>みんなが　きいろくあかるい　きもちに　なるといいな<br><br>きのまにゅ<br>※メッセージ内容はイメージです。<br>,0,background/valentinecard_3.png,,0,1,,0,
305,2,109924,だんちょう<br>いつも　みんなを　みまもってくれて　ありがとう<br>みんなが　むらさきのおだやかな　きもちに　なるといいな<br><br>むらさきのまにゅ<br>※メッセージ内容はイメージです。<br>,0,background/valentinecard_7.png,,0,1,,0,
306,2,109949,だんちょー<br>フルールフルール、バレンタインだー。<br>だんちょーに、フルールフルール受け取ってほしいなー。<br>フルールフルール。<br>赤のフルルだよ<br>※メッセージ内容はイメージです。<br>,0,background/valentinecard_4.png,,0,1,,0,
307,2,109950,だんちょー<br>フルールフルール、バレンタインだー。<br>だんちょーと、愛のフルールフルールしたいなー。<br>フルールフルール。<br>青のフルルだよ<br>※メッセージ内容はイメージです。<br>,0,background/valentinecard_7.png,,0,1,,0,
308,2,109951,だんちょー<br>フルールフルール、バレンタインだー。<br>だんちょーの、フルールフルールでハッピー。<br>フルールフルール。<br>黄のフルルだよ<br>※メッセージ内容はイメージです。<br>,0,background/valentinecard_8.png,,0,1,,0,
309,2,109952,だんちょー<br>フルールフルール、バレンタインだー。<br>だんちょーのこと、フルールフルールで、フルールフルールだよー。<br>フルールフルール。<br>紫のフルルだよ<br>※メッセージ内容はイメージです。<br>,0,background/valentinecard_8.png,,0,1,,0,
310,2,109959,団長様<br>シュビ！　シュビビビ！　シュビービ！<br>シュビビビビビビビビビ！　シュビー？<br>シュビー！　シュビシュビシュビシュビシュビシュビシュビシュビ！<br>黄金に輝く開花の秘薬　より<br>※メッセージ内容はイメージです。<br>,0,background/valentinecard_8.png,,0,1,,0,
311,2,109960,団長様<br>シュビビビ！　シュビー！　シュビー……<br>シュビビ！？　だ、団長！？<br>団長ぉぉぉぉぉぉぉぉぉぉおおおおおおお！<br>虹色に煌く開花の秘薬　より<br>※メッセージ内容はイメージです。<br>,0,background/valentinecard_2.png,,0,1,,0,
312,2,109953,団長<br>ブロサッム！　ブロッサムサム！<br>ブロブロブロッサム！<br>ブロブロブロブロ～～～～～～ブロッサァァァァム！<br>花びら　知徳<br>※メッセージ内容はイメージです。<br>,0,background/valentinecard_3.png,,0,1,,0,
313,2,109954,団長<br>ウィンターローズ！　ウィンターローズ！<br>ウィンタ――――――――――――ロッッッズ！！！<br>ウィンタ！　ウィンタ！　ローズゥゥゥゥゥゥ……！<br>花びら　雪原<br>※メッセージ内容はイメージです。<br>,0,background/valentinecard_8.png,,0,1,,0,
314,2,109957,団長<br>バナナオーシャン！<br>バナナオーシャン！　オーシャン！　オーシャン！<br>バナナナナナナナオ――――――…………シャンッッッ！！<br>花びら　常夏<br>※メッセージ内容はイメージです。<br>,0,background/valentinecard_6.png,,0,1,,0,
315,2,109955,団長<br>リリィウッド？　リリィウッド？<br>リリィ　or　ウッド？<br>リリィィィィィィウッッッッッッドォ？<br>花びら　深い森<br>※メッセージ内容はイメージです。<br>,0,background/valentinecard_8.png,,0,1,,0,
316,2,109956,団長<br>ベルガモット？　バレー！<br>ベルガモォォォッッット……バレェェェェェ！<br>ベルガ？　モット？　バレェェェェェエエエエエエ！<br>花びら　風谷<br>※メッセージ内容はイメージです。<br>,0,background/valentinecard_8.png,,0,1,,0,
317,2,109945,だんちょ<br>いつも　みんなと　なかよくしてくれて　ありがとう<br>だんちょが　きにいる　ゆびわになると　いいな<br><br>おきたのゆび<br>※メッセージ内容はイメージです。<br>,0,background/valentinecard_2.png,accent/valentineaccent_1.png,0,1,,0,
318,2,109946,だんちょ<br>いつも　みんなと　なかよくしてくれて　ありがとう<br>だんちょが　よろこぶ　うでわになると　いいな<br><br>おきたのうで<br>※メッセージ内容はイメージです。<br>,0,background/valentinecard_3.png,accent/valentineaccent_1.png,0,1,,0,
319,2,109947,だんちょ<br>いつも　みんなと　なかよくしてくれて　ありがとう<br>だんちょが　とうとぶ　くびかざりになると　いいな<br><br>おきたのくび<br>※メッセージ内容はイメージです。<br>,0,background/valentinecard_4.png,accent/valentineaccent_1.png,0,1,,0,
320,2,109948,だんちょ<br>いつも　みんなと　なかよくしてくれて　ありがとう<br>だんちょが　のぞむ　みみかざりになると　いいな<br><br>おきたのみみ<br>※メッセージ内容はイメージです。<br>,0,background/valentinecard_8.png,accent/valentineaccent_1.png,0,1,,0,
